Occurrences,Scientific name,Kingdom,Phylum,Class,Order,Family,Genus,Species
818,Cerioporus squamosus (Huds.) Quél.,Fungi,Basidiomycota,Agaricomycetes,Polyporales,Polyporaceae,Cerioporus,Cerioporus squamosus
812,Amanita muscaria (L.) Lam.,Fungi,Basidiomycota,Agaricomycetes,Agaricales,Amanitaceae,Amanita,Amanita muscaria
736,Trametes versicolor (L.) Lloyd,Fungi,Basidiomycota,Agaricomycetes,Polyporales,Polyporaceae,Trametes,Trametes versicolor
634,"Fomitopsis betulina (Bull.) B.K.Cui, M.L.Han & Y.C.Dai",Fungi,Basidiomycota,Agaricomycetes,Polyporales,Fomitopsidaceae,Fomitopsis,Fomitopsis betulina
533,Coprinus comatus (O.F.Müll.) Pers.,Fungi,Basidiomycota,Agaricomycetes,Agaricales,Agaricaceae,Coprinus,Coprinus comatus
446,Fomitopsis mounceae Haight & Nakasone,Fungi,Basidiomycota,Agaricomycetes,Polyporales,Fomitopsidaceae,Fomitopsis,Fomitopsis mounceae
351,Fomes fomentarius (L.) Fr.,Fungi,Basidiomycota,Agaricomycetes,Polyporales,Polyporaceae,Fomes,Fomes fomentarius
331,Inonotus obliquus (Fr.) Pilát,Fungi,Basidiomycota,Agaricomycetes,Hymenochaetales,Hymenochaetaceae,Inonotus,Inonotus obliquus
290,Laetiporus sulphureus (Bull.) Murrill,Fungi,Basidiomycota,Agaricomycetes,Polyporales,Laetiporaceae,Laetiporus,Laetiporus sulphureus
252,Apioperdon pyriforme (Schaeff.) Vizzini,Fungi,Basidiomycota,Agaricomycetes,Agaricales,Lycoperdaceae,Apioperdon,Apioperdon pyriforme
232,Mycena leaiana (Berk.) Sacc.,Fungi,Basidiomycota,Agaricomycetes,Agaricales,Mycenaceae,Mycena,Mycena leaiana
226,Artomyces pyxidatus (Pers.) Jülich,Fungi,Basidiomycota,Agaricomycetes,Russulales,Auriscalpiaceae,Artomyces,Artomyces pyxidatus
223,Ischnoderma resinosum (Schrad.) P.Karst.,Fungi,Basidiomycota,Agaricomycetes,Polyporales,Ischnodermataceae,Ischnoderma,Ischnoderma resinosum
212,Lycoperdon perlatum Pers.,Fungi,Basidiomycota,Agaricomycetes,Agaricales,Lycoperdaceae,Lycoperdon,Lycoperdon perlatum
210,Lyophyllum decastes (Fr.) Singer,Fungi,Basidiomycota,Agaricomycetes,Agaricales,Lyophyllaceae,Lyophyllum,Lyophyllum decastes
206,Turbinellus floccosus (Schwein.) Earle ex Giachini & Castellano,Fungi,Basidiomycota,Agaricomycetes,Gomphales,Gomphaceae,Turbinellus,Turbinellus floccosus
190,Climacodon septentrionalis (Fr.) P.Karst.,Fungi,Basidiomycota,Agaricomycetes,Polyporales,Meruliaceae,Climacodon,Climacodon septentrionalis
183,Hericium coralloides (Scop.) Pers.,Fungi,Basidiomycota,Agaricomycetes,Russulales,Hericiaceae,Hericium,Hericium coralloides
182,Scleroderma citrinum Pers.,Fungi,Basidiomycota,Agaricomycetes,Boletales,Sclerodermataceae,Scleroderma,Scleroderma citrinum
178,Clavulinopsis fusiformis (Sowerby) Corner,Fungi,Basidiomycota,Agaricomycetes,Agaricales,Clavariaceae,Clavulinopsis,Clavulinopsis fusiformis
175,Trametes gibbosa (Pers.) Fr.,Fungi,Basidiomycota,Agaricomycetes,Polyporales,Polyporaceae,Trametes,Trametes gibbosa
162,Hericium americanum Ginns,Fungi,Basidiomycota,Agaricomycetes,Russulales,Hericiaceae,Hericium,Hericium americanum
162,Suillus spraguei (Berk. & M.A.Curtis) Kuntze,Fungi,Basidiomycota,Agaricomycetes,Boletales,Suillaceae,Suillus,Suillus spraguei
158,Clavaria zollingeri Lév.,Fungi,Basidiomycota,Agaricomycetes,Agaricales,Clavariaceae,Clavaria,Clavaria zollingeri
154,Amanita flavoconia G.F.Atk.,Fungi,Basidiomycota,Agaricomycetes,Agaricales,Amanitaceae,Amanita,Amanita flavoconia
152,Phaeolus schweinitzii (Fr.) Pat.,Fungi,Basidiomycota,Agaricomycetes,Polyporales,Laetiporaceae,Phaeolus,Phaeolus schweinitzii
151,Sarcomyxa serotina (Pers.) V.Papp,Fungi,Basidiomycota,Agaricomycetes,Agaricales,Sarcomyxaceae,Sarcomyxa,Sarcomyxa serotina
145,Suillus americanus (Peck) Snell,Fungi,Basidiomycota,Agaricomycetes,Boletales,Suillaceae,Suillus,Suillus americanus
145,Amanita jacksonii Pomerl.,Fungi,Basidiomycota,Agaricomycetes,Agaricales,Amanitaceae,Amanita,Amanita jacksonii
130,Entoloma quadratum (Berk. & M.A.Curtis) E.Horak,Fungi,Basidiomycota,Agaricomycetes,Agaricales,Entolomataceae,Entoloma,Entoloma quadratum
123,Phyllotopsis nidulans (Pers.) Singer,Fungi,Basidiomycota,Agaricomycetes,Agaricales,Phyllotopsidaceae,Phyllotopsis,Phyllotopsis nidulans
120,Clavaria fragilis Holmsk.,Fungi,Basidiomycota,Agaricomycetes,Agaricales,Clavariaceae,Clavaria,Clavaria fragilis
116,Ganoderma applanatum (Pers.) Pat.,Fungi,Basidiomycota,Agaricomycetes,Polyporales,Polyporaceae,Ganoderma,Ganoderma applanatum
116,Cerrena unicolor (Bull.) Murrill,Fungi,Basidiomycota,Agaricomycetes,Polyporales,Cerrenaceae,Cerrena,Cerrena unicolor
107,Peniophora rufa (Fr.) Boidin,Fungi,Basidiomycota,Agaricomycetes,Russulales,Peniophoraceae,Peniophora,Peniophora rufa
103,Boletinellus merulioides (Schwein.) Murrill,Fungi,Basidiomycota,Agaricomycetes,Boletales,Boletinellaceae,Boletinellus,Boletinellus merulioides
103,Gloeophyllum sepiarium (Wulfen) P.Karst.,Fungi,Basidiomycota,Agaricomycetes,Gloeophyllales,Gloeophyllaceae,Gloeophyllum,Gloeophyllum sepiarium
102,Hemileccinum subglabripes (Peck) Halling,Fungi,Basidiomycota,Agaricomycetes,Boletales,Boletaceae,Hemileccinum,Hemileccinum subglabripes
101,Trichaptum biforme (Fr.) Ryvarden,Fungi,Basidiomycota,Agaricomycetes,Hymenochaetales,,Trichaptum,Trichaptum biforme
100,Schizophyllum commune Fr.,Fungi,Basidiomycota,Agaricomycetes,Agaricales,Schizophyllaceae,Schizophyllum,Schizophyllum commune
98,"Cantharellus enelensis Voitk, Thorn, Lebeuf & J.I.Kim",Fungi,Basidiomycota,Agaricomycetes,Cantharellales,Hydnaceae,Cantharellus,Cantharellus enelensis
96,Entoloma abortivum (Berk. & M.A.Curtis) Donk,Fungi,Basidiomycota,Agaricomycetes,Agaricales,Entolomataceae,Entoloma,Entoloma abortivum
93,Plicaturopsis crispa (Pers.) D.A.Reid,Fungi,Basidiomycota,Agaricomycetes,Amylocorticiales,Amylocorticiaceae,Plicaturopsis,Plicaturopsis crispa
93,Hygrocybe conica (Schaeff.) P.Kumm.,Fungi,Basidiomycota,Agaricomycetes,Agaricales,Hygrophoraceae,Hygrocybe,Hygrocybe conica
93,Panellus stipticus (Bull.) P.Karst.,Fungi,Basidiomycota,Agaricomycetes,Agaricales,Mycenaceae,Panellus,Panellus stipticus
92,Calvatia gigantea (Batsch) Lloyd,Fungi,Basidiomycota,Agaricomycetes,Agaricales,Lycoperdaceae,Calvatia,Calvatia gigantea
92,Hygrocybe cantharellus (Schwein.) Murrill,Fungi,Basidiomycota,Agaricomycetes,Agaricales,Hygrophoraceae,Hygrocybe,Hygrocybe cantharellus
91,Pseudohydnum gelatinosum (Scop.) P.Karst.,Fungi,Basidiomycota,Agaricomycetes,Auriculariales,,Pseudohydnum,Pseudohydnum gelatinosum
90,Trametes cinnabarina (Jacq.) Fr.,Fungi,Basidiomycota,Agaricomycetes,Polyporales,Polyporaceae,Trametes,Trametes cinnabarina
89,Craterellus tubaeformis (Fr.) Quél.,Fungi,Basidiomycota,Agaricomycetes,Cantharellales,Hydnaceae,Craterellus,Craterellus tubaeformis
88,Humidicutis marginata (Peck) Singer,Fungi,Basidiomycota,Agaricomycetes,Agaricales,Hygrophoraceae,Humidicutis,Humidicutis marginata
88,Irpex lacteus (Fr.) Fr.,Fungi,Basidiomycota,Agaricomycetes,Polyporales,Irpicaceae,Irpex,Irpex lacteus
88,Craterellus cornucopioides (L.) Pers.,Fungi,Basidiomycota,Agaricomycetes,Cantharellales,Hydnaceae,Craterellus,Craterellus cornucopioides
87,Amanita fulva Fr.,Fungi,Basidiomycota,Agaricomycetes,Agaricales,Amanitaceae,Amanita,Amanita fulva
87,"Megacollybia rodmanii R.H.Petersen, K.W.Hughes & Lickey",Fungi,Basidiomycota,Agaricomycetes,Agaricales,Tricholomataceae,Megacollybia,Megacollybia rodmanii
87,Strobilomyces strobilaceus (Scop.) Berk.,Fungi,Basidiomycota,Agaricomycetes,Boletales,Boletaceae,Strobilomyces,Strobilomyces strobilaceus
86,Omphalotus illudens (Schwein.) Bresinsky & Besl,Fungi,Basidiomycota,Agaricomycetes,Agaricales,Omphalotaceae,Omphalotus,Omphalotus illudens
86,Ramariopsis kunzei (Fr.) Corner,Fungi,Basidiomycota,Agaricomycetes,Agaricales,Clavariaceae,Ramariopsis,Ramariopsis kunzei
85,Flammulina velutipes (Curtis) Singer,Fungi,Basidiomycota,Agaricomycetes,Agaricales,Physalacriaceae,Flammulina,Flammulina velutipes
83,Hymenopellis furfuracea (Peck) R.H.Petersen,Fungi,Basidiomycota,Agaricomycetes,Agaricales,Physalacriaceae,Hymenopellis,Hymenopellis furfuracea
82,Clavulina coralloides (L.) J.Schröt.,Fungi,Basidiomycota,Agaricomycetes,Cantharellales,Hydnaceae,Clavulina,Clavulina coralloides
82,Lenzites betulinus (L.) Fr.,Fungi,Basidiomycota,Agaricomycetes,Polyporales,Polyporaceae,Lenzites,Lenzites betulinus
80,"Harrya chromipes (Frost) Halling, Nuhn, Osmundson & Manfr.Binder",Fungi,Basidiomycota,Agaricomycetes,Boletales,Boletaceae,Harrya,Harrya chromipes
79,Mutinus ravenelii (Berk.) E.Fisch.,Fungi,Basidiomycota,Agaricomycetes,Phallales,Phallaceae,Mutinus,Mutinus ravenelii
78,Tylopilus felleus (Bull.) P.Karst.,Fungi,Basidiomycota,Agaricomycetes,Boletales,Boletaceae,Tylopilus,Tylopilus felleus
78,"Coprinellus micaceus (Bull.) Vilgalys, Hopple & Jacq.Johnson",Fungi,Basidiomycota,Agaricomycetes,Agaricales,Psathyrellaceae,Coprinellus,Coprinellus micaceus
77,Armillaria ostoyae (Romagn.) Herink,Fungi,Basidiomycota,Agaricomycetes,Agaricales,Physalacriaceae,Armillaria,Armillaria ostoyae
75,Gliophorus psittacinus (Schaeff.) Herink,Fungi,Basidiomycota,Agaricomycetes,Agaricales,Hygrophoraceae,Gliophorus,Gliophorus psittacinus
75,Oxyporus populinus (Schumach.) Donk,Fungi,Basidiomycota,Agaricomycetes,Hymenochaetales,Oxyporaceae,Oxyporus,Oxyporus populinus
75,Boletus chippewaensis A.H.Sm. & Thiers,Fungi,Basidiomycota,Agaricomycetes,Boletales,Boletaceae,Boletus,Boletus chippewaensis
74,Daedaleopsis confragosa (Bolton) J.Schröt.,Fungi,Basidiomycota,Agaricomycetes,Polyporales,Polyporaceae,Daedaleopsis,Daedaleopsis confragosa
72,Coltricia perennis (L.) Murrill,Fungi,Basidiomycota,Agaricomycetes,Hymenochaetales,Hymenochaetaceae,Coltricia,Coltricia perennis
71,Leucoagaricus leucothites (Vittad.) Wasser,Fungi,Basidiomycota,Agaricomycetes,Agaricales,Agaricaceae,Leucoagaricus,Leucoagaricus leucothites
69,Cortinarius violaceus (L.) Gray,Fungi,Basidiomycota,Agaricomycetes,Agaricales,Cortinariaceae,Cortinarius,Cortinarius violaceus
69,Tapinella atrotomentosa (Batsch) Šutara,Fungi,Basidiomycota,Agaricomycetes,Boletales,Tapinellaceae,Tapinella,Tapinella atrotomentosa
68,Galerina marginata (Batsch) Kühner,Fungi,Basidiomycota,Agaricomycetes,Agaricales,Hymenogastraceae,Galerina,Galerina marginata
67,Phellinus igniarius (L.) Quél.,Fungi,Basidiomycota,Agaricomycetes,Hymenochaetales,Hymenochaetaceae,Phellinus,Phellinus igniarius
67,Marasmius oreades (Bolton) Fr.,Fungi,Basidiomycota,Agaricomycetes,Agaricales,Marasmiaceae,Marasmius,Marasmius oreades
67,Lentinus brumalis (Pers.) Zmitr.,Fungi,Basidiomycota,Agaricomycetes,Polyporales,Polyporaceae,Lentinus,Lentinus brumalis
67,Candolleomyces candolleanus (Fr.) D.Wächt. & A.Melzer,Fungi,Basidiomycota,Agaricomycetes,Agaricales,Psathyrellaceae,Candolleomyces,Candolleomyces candolleanus
66,Amanita brunnescens G.F.Atk.,Fungi,Basidiomycota,Agaricomycetes,Agaricales,Amanitaceae,Amanita,Amanita brunnescens
66,Lactarius deterrimus Gröger,Fungi,Basidiomycota,Agaricomycetes,Russulales,Russulaceae,Lactarius,Lactarius deterrimus
64,Mycena galericulata (Scop.) Gray,Fungi,Basidiomycota,Agaricomycetes,Agaricales,Mycenaceae,Mycena,Mycena galericulata
64,"Coprinopsis atramentaria (Bull.) Redhead, Vilgalys & Moncalvo",Fungi,Basidiomycota,Agaricomycetes,Agaricales,Psathyrellaceae,Coprinopsis,Coprinopsis atramentaria
63,Pluteus cervinus (Schaeff.) P.Kumm.,Fungi,Basidiomycota,Agaricomycetes,Agaricales,Pluteaceae,Pluteus,Pluteus cervinus
63,Neofavolus alveolaris (DC.) Sotome & T.Hatt.,Fungi,Basidiomycota,Agaricomycetes,Polyporales,Polyporaceae,Neofavolus,Neofavolus alveolaris
63,Amanita frostiana (Peck) Sacc.,Fungi,Basidiomycota,Agaricomycetes,Agaricales,Amanitaceae,Amanita,Amanita frostiana
62,Cortinarius caperatus (Pers.) Fr.,Fungi,Basidiomycota,Agaricomycetes,Agaricales,Cortinariaceae,Cortinarius,Cortinarius caperatus
62,Coprinellus disseminatus (Pers.) J.E.Lange,Fungi,Basidiomycota,Agaricomycetes,Agaricales,Psathyrellaceae,Coprinellus,Coprinellus disseminatus
62,Entoloma murrayi (Berk. & M.A.Curtis) Sacc. & P.Syd.,Fungi,Basidiomycota,Agaricomycetes,Agaricales,Entolomataceae,Entoloma,Entoloma murrayi
62,"Coprinopsis variegata (Peck) Redhead, Vilgalys & Moncalvo",Fungi,Basidiomycota,Agaricomycetes,Agaricales,Psathyrellaceae,Coprinopsis,Coprinopsis variegata
61,Gyroporus cyanescens (Bull.) Quél.,Fungi,Basidiomycota,Agaricomycetes,Boletales,Gyroporaceae,Gyroporus,Gyroporus cyanescens
61,Pleurotus ostreatus (Jacq.) P.Kumm.,Fungi,Basidiomycota,Agaricomycetes,Agaricales,Pleurotaceae,Pleurotus,Pleurotus ostreatus
61,Cyathus striatus Willd.,Fungi,Basidiomycota,Agaricomycetes,Agaricales,Agaricaceae,Cyathus,Cyathus striatus
60,Paxillus involutus (Batsch) Fr.,Fungi,Basidiomycota,Agaricomycetes,Boletales,Paxillaceae,Paxillus,Paxillus involutus
60,Gymnopus dryophilus (Bull.) Murrill,Fungi,Basidiomycota,Agaricomycetes,Agaricales,Omphalotaceae,Gymnopus,Gymnopus dryophilus
60,Cantharellus cibarius Fr.,Fungi,Basidiomycota,Agaricomycetes,Cantharellales,Hydnaceae,Cantharellus,Cantharellus cibarius
59,Cantharellula umbonata (J.F.Gmel.) Singer,Fungi,Basidiomycota,Agaricomycetes,Agaricales,Hygrophoraceae,Cantharellula,Cantharellula umbonata
59,Suillus grevillei (Klotzsch) Singer,Fungi,Basidiomycota,Agaricomycetes,Boletales,Suillaceae,Suillus,Suillus grevillei
57,Phlebia radiata Fr.,Fungi,Basidiomycota,Agaricomycetes,Polyporales,Meruliaceae,Phlebia,Phlebia radiata
56,Leccinum aurantiacum (Bull.) Gray,Fungi,Basidiomycota,Agaricomycetes,Boletales,Boletaceae,Leccinum,Leccinum aurantiacum
56,Pleurotus populinus O.Hilber & O.K.Mill.,Fungi,Basidiomycota,Agaricomycetes,Agaricales,Pleurotaceae,Pleurotus,Pleurotus populinus
56,Crucibulum laeve (Huds.) Kambly,Fungi,Basidiomycota,Agaricomycetes,Agaricales,Nidulariaceae,Crucibulum,Crucibulum laeve
56,Cortinarius armillatus (Fr.) Fr.,Fungi,Basidiomycota,Agaricomycetes,Agaricales,Cortinariaceae,Cortinarius,Cortinarius armillatus
56,Marasmius rotula (Scop.) Fr.,Fungi,Basidiomycota,Agaricomycetes,Agaricales,Marasmiaceae,Marasmius,Marasmius rotula
55,Lactarius salmonicolor R.Heim & Leclair,Fungi,Basidiomycota,Agaricomycetes,Russulales,Russulaceae,Lactarius,Lactarius salmonicolor
54,Leucocoprinus birnbaumii (Corda) Singer,Fungi,Basidiomycota,Agaricomycetes,Agaricales,Agaricaceae,Leucocoprinus,Leucocoprinus birnbaumii
53,Hypholoma lateritium (Schaeff.) P.Kumm.,Fungi,Basidiomycota,Agaricomycetes,Agaricales,Strophariaceae,Hypholoma,Hypholoma lateritium
53,Lactarius lignyotus Fr.,Fungi,Basidiomycota,Agaricomycetes,Russulales,Russulaceae,Lactarius,Lactarius lignyotus
51,Poronidulus conchifer (Schwein.) Murrill,Fungi,Basidiomycota,Agaricomycetes,Polyporales,Polyporaceae,Poronidulus,Poronidulus conchifer
50,Phellinus tremulae (Bondartsev) Bondartsev & P.N.Borisov,Fungi,Basidiomycota,Agaricomycetes,Hymenochaetales,Hymenochaetaceae,Phellinus,Phellinus tremulae
50,Sebacina schweinitzii (Peck) Oberw.,Fungi,Basidiomycota,Agaricomycetes,Sebacinales,Sebacinaceae,Sebacina,Sebacina schweinitzii
49,Pholiota limonella (Peck) Sacc.,Fungi,Basidiomycota,Agaricomycetes,Agaricales,Strophariaceae,Pholiota,Pholiota limonella
49,Asterophora lycoperdoides (Bull.) Ditmar,Fungi,Basidiomycota,Agaricomycetes,Agaricales,Lyophyllaceae,Asterophora,Asterophora lycoperdoides
48,Ductifera pululahuana (Pat.) Donk,Fungi,Basidiomycota,Agaricomycetes,Auriculariales,,Ductifera,Ductifera pululahuana
48,Guepinia helvelloides (DC.) Fr.,Fungi,Basidiomycota,Agaricomycetes,Auriculariales,,Guepinia,Guepinia helvelloides
47,"Hydnoporia tabacina (Sowerby) Spirin, Miettinen & K.H.Larss.",Fungi,Basidiomycota,Agaricomycetes,Hymenochaetales,Hymenochaetaceae,Hydnoporia,Hydnoporia tabacina
46,Hygrophoropsis aurantiaca (Wulfen) Maire,Fungi,Basidiomycota,Agaricomycetes,Boletales,Hygrophoropsidaceae,Hygrophoropsis,Hygrophoropsis aurantiaca
46,Xeromphalina campanella (Batsch) Kühner & Maire,Fungi,Basidiomycota,Agaricomycetes,Agaricales,Mycenaceae,Xeromphalina,Xeromphalina campanella
46,Physalacria inflata (Fr.) Peck,Fungi,Basidiomycota,Agaricomycetes,Agaricales,Physalacriaceae,Physalacria,Physalacria inflata
46,Bjerkandera adusta (Willd.) P.Karst.,Fungi,Basidiomycota,Agaricomycetes,Polyporales,Phanerochaetaceae,Bjerkandera,Bjerkandera adusta
46,Amanita spreta (Peck) Sacc.,Fungi,Basidiomycota,Agaricomycetes,Agaricales,Amanitaceae,Amanita,Amanita spreta
46,Trametes hirsuta (Wulfen) Lloyd,Fungi,Basidiomycota,Agaricomycetes,Polyporales,Polyporaceae,Trametes,Trametes hirsuta
45,Pleurocybella porrigens (Pers.) Singer,Fungi,Basidiomycota,Agaricomycetes,Agaricales,Marasmiaceae,Pleurocybella,Pleurocybella porrigens
45,Tyromyces chioneus (Fr.) P.Karst.,Fungi,Basidiomycota,Agaricomycetes,Polyporales,Incrustoporiaceae,Tyromyces,Tyromyces chioneus
45,Phallus ravenelii Berk. & M.A.Curtis,Fungi,Basidiomycota,Agaricomycetes,Phallales,Phallaceae,Phallus,Phallus ravenelii
45,"Gloioxanthomyces nitidus (Berk. & M.A.Curtis) Lodge, Vizzini, Ercole & Boertm.",Fungi,Basidiomycota,Agaricomycetes,Agaricales,Hygrophoraceae,Gloioxanthomyces,Gloioxanthomyces nitidus
45,Trametes pubescens (Schumach.) Pilát,Fungi,Basidiomycota,Agaricomycetes,Polyporales,Polyporaceae,Trametes,Trametes pubescens
44,Russula brevipes Peck,Fungi,Basidiomycota,Agaricomycetes,Russulales,Russulaceae,Russula,Russula brevipes
43,Pleurotus pulmonarius (Fr.) Quél.,Fungi,Basidiomycota,Agaricomycetes,Agaricales,Pleurotaceae,Pleurotus,Pleurotus pulmonarius
43,Tricholoma equestre (L.) P.Kumm.,Fungi,Basidiomycota,Agaricomycetes,Agaricales,Tricholomataceae,Tricholoma,Tricholoma equestre
43,Volvariella bombycina (Schaeff.) Singer,Fungi,Basidiomycota,Agaricomycetes,Agaricales,Pluteaceae,Volvariella,Volvariella bombycina
42,Mycena haematopus (Pers.) P.Kumm.,Fungi,Basidiomycota,Agaricomycetes,Agaricales,Mycenaceae,Mycena,Mycena haematopus
42,Lepiota cristata (Bolton) P.Kumm.,Fungi,Basidiomycota,Agaricomycetes,Agaricales,Agaricaceae,Lepiota,Lepiota cristata
42,Lentinus levis (Berk. & M.A.Curtis) Murrill,Fungi,Basidiomycota,Agaricomycetes,Polyporales,Polyporaceae,Lentinus,Lentinus levis
42,Rhodocollybia maculata (Alb. & Schwein.) Singer,Fungi,Basidiomycota,Agaricomycetes,Agaricales,Omphalotaceae,Rhodocollybia,Rhodocollybia maculata
42,Tricholoma saponaceum (Fr.) P.Kumm.,Fungi,Basidiomycota,Agaricomycetes,Agaricales,Tricholomataceae,Tricholoma,Tricholoma saponaceum
42,Inocybe geophylla P.Kumm.,Fungi,Basidiomycota,Agaricomycetes,Agaricales,Inocybaceae,Inocybe,Inocybe geophylla
42,Flammula alnicola (Fr.) P.Kumm.,Fungi,Basidiomycota,Agaricomycetes,Agaricales,Hymenogastraceae,Flammula,Flammula alnicola
42,"Auricularia americana Parmasto & I.Parmasto ex Audet, Boulet & Sirard",Fungi,Basidiomycota,Agaricomycetes,Auriculariales,Auriculariaceae,Auricularia,Auricularia americana
42,"Xanthoporia radiata (Sowerby) Ţura, Zmitr., Wasser, Raats & Nevo",Fungi,Basidiomycota,Agaricomycetes,Hymenochaetales,Hymenochaetaceae,Xanthoporia,Xanthoporia radiata
42,Chalciporus piperatus (Bull.) Bataille,Fungi,Basidiomycota,Agaricomycetes,Boletales,Boletaceae,Chalciporus,Chalciporus piperatus
41,Laccaria ochropurpurea (Berk.) Peck,Fungi,Basidiomycota,Agaricomycetes,Agaricales,Hydnangiaceae,Laccaria,Laccaria ochropurpurea
41,"Lichenomphalia hudsoniana (H.S.Jenn.) Redhead, Lutzoni, Moncalvo & Vilgalys",Fungi,Basidiomycota,Agaricomycetes,Agaricales,Hygrophoraceae,Lichenomphalia,Lichenomphalia hudsoniana
41,Leccinum scabrum (Bull.) Gray,Fungi,Basidiomycota,Agaricomycetes,Boletales,Boletaceae,Leccinum,Leccinum scabrum
41,Picipes badius (Pers.) Zmitr. & Kovalenko,Fungi,Basidiomycota,Agaricomycetes,Polyporales,Polyporaceae,Picipes,Picipes badius
40,Exidia glandulosa (Bull.) Fr.,Fungi,Basidiomycota,Agaricomycetes,Auriculariales,Auriculariaceae,Exidia,Exidia glandulosa
40,Tricholoma vaccinum (Schaeff.) P.Kumm.,Fungi,Basidiomycota,Agaricomycetes,Agaricales,Tricholomataceae,Tricholoma,Tricholoma vaccinum
40,Polyporus radicatus Schwein.,Fungi,Basidiomycota,Agaricomycetes,Polyporales,Polyporaceae,Polyporus,Polyporus radicatus
40,Trichaptum abietinum (Pers. ex J.F.Gmel.) Ryvarden,Fungi,Basidiomycota,Agaricomycetes,Hymenochaetales,,Trichaptum,Trichaptum abietinum
40,Aleurodiscus amorphus (Pers.) J.Schröt.,Fungi,Basidiomycota,Agaricomycetes,Russulales,Stereaceae,Aleurodiscus,Aleurodiscus amorphus
39,Hypholoma capnoides (Fr.) P.Kumm.,Fungi,Basidiomycota,Agaricomycetes,Agaricales,Strophariaceae,Hypholoma,Hypholoma capnoides
38,Cortinarius malicorius Fr.,Fungi,Basidiomycota,Agaricomycetes,Agaricales,Cortinariaceae,Cortinarius,Cortinarius malicorius
38,Lacrymaria lacrymabunda (Bull.) Pat.,Fungi,Basidiomycota,Agaricomycetes,Agaricales,Psathyrellaceae,Lacrymaria,Lacrymaria lacrymabunda
38,Amanita bisporigera G.F.Atk.,Fungi,Basidiomycota,Agaricomycetes,Agaricales,Amanitaceae,Amanita,Amanita bisporigera
38,Lactarius indigo (Schwein.) Fr.,Fungi,Basidiomycota,Agaricomycetes,Russulales,Russulaceae,Lactarius,Lactarius indigo
38,Amanita rubescens Pers.,Fungi,Basidiomycota,Agaricomycetes,Agaricales,Amanitaceae,Amanita,Amanita rubescens
37,Hygrocybe cuspidata (Peck) Murrill,Fungi,Basidiomycota,Agaricomycetes,Agaricales,Hygrophoraceae,Hygrocybe,Hygrocybe cuspidata
36,Hemistropharia albocrenulata (Peck) Jacobsson & E.Larss.,Fungi,Basidiomycota,Agaricomycetes,Agaricales,Tubariaceae,Hemistropharia,Hemistropharia albocrenulata
36,"Parasola plicatilis (Curtis) Redhead, Vilgalys & Hopple",Fungi,Basidiomycota,Agaricomycetes,Agaricales,Psathyrellaceae,Parasola,Parasola plicatilis
36,Hygrocybe punicea (Fr.) P.Kumm.,Fungi,Basidiomycota,Agaricomycetes,Agaricales,Hygrophoraceae,Hygrocybe,Hygrocybe punicea
36,Fomitopsis pinicola (Sw.) P.Karst.,Fungi,Basidiomycota,Agaricomycetes,Polyporales,Fomitopsidaceae,Fomitopsis,Fomitopsis pinicola
36,Multiclavula mucida (Pers.) R.H.Petersen,Fungi,Basidiomycota,Agaricomycetes,Cantharellales,Hydnaceae,Multiclavula,Multiclavula mucida
35,Chondrostereum purpureum (Pers.) Pouzar,Fungi,Basidiomycota,Agaricomycetes,Agaricales,Cyphellaceae,Chondrostereum,Chondrostereum purpureum
35,Cystoderma amianthinum (Scop.) Fayod,Fungi,Basidiomycota,Agaricomycetes,Agaricales,Tricholomataceae,Cystoderma,Cystoderma amianthinum
35,Cerioporus varius (Pers.) Zmitr. & Kovalenko,Fungi,Basidiomycota,Agaricomycetes,Polyporales,Polyporaceae,Cerioporus,Cerioporus varius
35,"Amaropostia stiptica (Pers.) B.K.Cui, L.L.Shen & Y.C.Dai",Fungi,Basidiomycota,Agaricomycetes,Polyporales,,Amaropostia,Amaropostia stiptica
34,Cortinarius traganus (Fr.) Fr.,Fungi,Basidiomycota,Agaricomycetes,Agaricales,Cortinariaceae,Cortinarius,Cortinarius traganus
34,Grifola frondosa (Dicks.) Gray,Fungi,Basidiomycota,Agaricomycetes,Polyporales,Grifolaceae,Grifola,Grifola frondosa
34,Russula cyanoxantha (Schaeff.) Fr.,Fungi,Basidiomycota,Agaricomycetes,Russulales,Russulaceae,Russula,Russula cyanoxantha
34,Gymnopilus luteus (Peck) Hesler,Fungi,Basidiomycota,Agaricomycetes,Agaricales,Hymenogastraceae,Gymnopilus,Gymnopilus luteus
33,Pholiota aurivella (Batsch) P.Kumm.,Fungi,Basidiomycota,Agaricomycetes,Agaricales,Strophariaceae,Pholiota,Pholiota aurivella
33,Trametes ochracea (Pers.) Gilb. & Ryvarden,Fungi,Basidiomycota,Agaricomycetes,Polyporales,Polyporaceae,Trametes,Trametes ochracea
33,Onnia tomentosa (Fr.) P.Karst.,Fungi,Basidiomycota,Agaricomycetes,Hymenochaetales,Hymenochaetaceae,Onnia,Onnia tomentosa
33,Tricholomopsis decora (Fr.) Singer,Fungi,Basidiomycota,Agaricomycetes,Agaricales,Tricholomataceae,Tricholomopsis,Tricholomopsis decora
32,"Craterellus ignicolor (R.H.Petersen) Dahlman, Danell & Spatafora",Fungi,Basidiomycota,Agaricomycetes,Cantharellales,Hydnaceae,Craterellus,Craterellus ignicolor
32,Hydnum repandum L.,Fungi,Basidiomycota,Agaricomycetes,Cantharellales,Hydnaceae,Hydnum,Hydnum repandum
32,Gliophorus laetus (Pers.) Herink,Fungi,Basidiomycota,Agaricomycetes,Agaricales,Hygrophoraceae,Gliophorus,Gliophorus laetus
32,Tricholoma magnivelare (Peck) Redhead,Fungi,Basidiomycota,Agaricomycetes,Agaricales,Tricholomataceae,Tricholoma,Tricholoma magnivelare
32,Amanita wellsii (Murrill) Murrill,Fungi,Basidiomycota,Agaricomycetes,Agaricales,Amanitaceae,Amanita,Amanita wellsii
32,Ramaria stricta (Pers.) Quél.,Fungi,Basidiomycota,Agaricomycetes,Gomphales,Gomphaceae,Ramaria,Ramaria stricta
32,Lentinellus ursinus (Fr.) Kühner,Fungi,Basidiomycota,Agaricomycetes,Russulales,Auriscalpiaceae,Lentinellus,Lentinellus ursinus
32,Vitreoporus dichrous (Fr.) Zmitr.,Fungi,Basidiomycota,Agaricomycetes,Polyporales,Irpicaceae,Vitreoporus,Vitreoporus dichrous
31,Sebacina sparassoidea (Lloyd) P.Roberts,Fungi,Basidiomycota,Agaricomycetes,Sebacinales,Sebacinaceae,Sebacina,Sebacina sparassoidea
31,Panaeolina foenisecii (Pers.) Maire,Fungi,Basidiomycota,Agaricomycetes,Agaricales,Bolbitiaceae,Panaeolina,Panaeolina foenisecii
31,Pholiota squarrosa (Vahl) P.Kumm.,Fungi,Basidiomycota,Agaricomycetes,Agaricales,Strophariaceae,Pholiota,Pholiota squarrosa
31,Suillus cavipes (Klotzsch) A.H.Sm. & Thiers,Fungi,Basidiomycota,Agaricomycetes,Boletales,Suillaceae,Suillus,Suillus cavipes
31,Clavulinopsis corniculata (Schaeff.) Corner,Fungi,Basidiomycota,Agaricomycetes,Agaricales,Clavariaceae,Clavulinopsis,Clavulinopsis corniculata
31,"Baorangia bicolor (Kuntze) G.Wu, Halling & Zhu L.Yang",Fungi,Basidiomycota,Agaricomycetes,Boletales,Boletaceae,Baorangia,Baorangia bicolor
31,Agrocybe praecox (Pers.) Fayod,Fungi,Basidiomycota,Agaricomycetes,Agaricales,Strophariaceae,Agrocybe,Agrocybe praecox
30,Retiboletus ornatipes (Peck) Manfr.Binder & Bresinsky,Fungi,Basidiomycota,Agaricomycetes,Boletales,Boletaceae,Retiboletus,Retiboletus ornatipes
30,Conocybe apala (Fr.) Arnolds,Fungi,Basidiomycota,Agaricomycetes,Agaricales,Bolbitiaceae,Conocybe,Conocybe apala
30,Laccaria bicolor (Maire) P.D.Orton,Fungi,Basidiomycota,Agaricomycetes,Agaricales,Hydnangiaceae,Laccaria,Laccaria bicolor
30,Hebeloma mesophaeum (Pers.) Quél.,Fungi,Basidiomycota,Agaricomycetes,Agaricales,Hymenogastraceae,Hebeloma,Hebeloma mesophaeum
30,Armillaria sinapina Bérubé & Dessur.,Fungi,Basidiomycota,Agaricomycetes,Agaricales,Physalacriaceae,Armillaria,Armillaria sinapina
30,Baeospora myriadophylla (Peck) Singer,Fungi,Basidiomycota,Agaricomycetes,Agaricales,Marasmiaceae,Baeospora,Baeospora myriadophylla
30,Hygrocybe miniata (Fr.) P.Kumm.,Fungi,Basidiomycota,Agaricomycetes,Agaricales,Hygrophoraceae,Hygrocybe,Hygrocybe miniata
30,Amanita citrina Pers.,Fungi,Basidiomycota,Agaricomycetes,Agaricales,Amanitaceae,Amanita,Amanita citrina
30,Tylopilus rubrobrunneus Mazzer & A.H.Sm.,Fungi,Basidiomycota,Agaricomycetes,Boletales,Boletaceae,Tylopilus,Tylopilus rubrobrunneus
30,Amanita porphyria Alb. & Schwein.,Fungi,Basidiomycota,Agaricomycetes,Agaricales,Amanitaceae,Amanita,Amanita porphyria
30,Amanita velatipes G.F.Atk.,Fungi,Basidiomycota,Agaricomycetes,Agaricales,Amanitaceae,Amanita,Amanita velatipes
30,"Sutorius eximius (Peck) Halling, Nuhn & Osmundson",Fungi,Basidiomycota,Agaricomycetes,Boletales,Boletaceae,Sutorius,Sutorius eximius
30,Cortinarius collinitus (Sowerby) Gray,Fungi,Basidiomycota,Agaricomycetes,Agaricales,Cortinariaceae,Cortinarius,Cortinarius collinitus
30,Hapalopilus rutilans (Pers.) Murrill,Fungi,Basidiomycota,Agaricomycetes,Polyporales,Phanerochaetaceae,Hapalopilus,Hapalopilus rutilans
30,Neolentinus lepideus (Fr.) Redhead & Ginns,Fungi,Basidiomycota,Agaricomycetes,Gloeophyllales,Gloeophyllaceae,Neolentinus,Neolentinus lepideus
30,Collybiopsis confluens (Pers.) R.H.Petersen,Fungi,Basidiomycota,Agaricomycetes,Agaricales,Omphalotaceae,Collybiopsis,Collybiopsis confluens
29,Amanita virosa Bertill.,Fungi,Basidiomycota,Agaricomycetes,Agaricales,Amanitaceae,Amanita,Amanita virosa
29,Punctularia strigosozonata (Schwein.) P.H.B.Talbot,Fungi,Basidiomycota,Agaricomycetes,Corticiales,Punctulariaceae,Punctularia,Punctularia strigosozonata
28,Xerocomus subtomentosus (L.) Quél.,Fungi,Basidiomycota,Agaricomycetes,Boletales,Boletaceae,Xerocomus,Xerocomus subtomentosus
28,"Ampulloclitocybe clavipes (Pers.) Redhead, Lutzoni, Moncalvo & Vilgalys",Fungi,Basidiomycota,Agaricomycetes,Agaricales,Hygrophoraceae,Ampulloclitocybe,Ampulloclitocybe clavipes
28,Cantharellus cinnabarinus (Schwein.) Schwein.,Fungi,Basidiomycota,Agaricomycetes,Cantharellales,Hydnaceae,Cantharellus,Cantharellus cinnabarinus
28,Lycoperdon marginatum Vittad.,Fungi,Basidiomycota,Agaricomycetes,Agaricales,Agaricaceae,Lycoperdon,Lycoperdon marginatum
28,Lactarius vinaceorufescens A.H.Sm.,Fungi,Basidiomycota,Agaricomycetes,Russulales,Russulaceae,Lactarius,Lactarius vinaceorufescens
28,Entoloma chalybaeum (Fr.) Noordel.,Fungi,Basidiomycota,Agaricomycetes,Agaricales,Entolomataceae,Entoloma,Entoloma chalybaeum
28,Suillus granulatus (L.) Roussel,Fungi,Basidiomycota,Agaricomycetes,Boletales,Suillaceae,Suillus,Suillus granulatus
27,Leccinum holopus (Rostk.) Watling,Fungi,Basidiomycota,Agaricomycetes,Boletales,Boletaceae,Leccinum,Leccinum holopus
27,Mycena pura (Pers.) P.Kumm.,Fungi,Basidiomycota,Agaricomycetes,Agaricales,Mycenaceae,Mycena,Mycena pura
27,Stropharia rugosoannulata Farl. ex Murrill,Fungi,Basidiomycota,Agaricomycetes,Agaricales,Strophariaceae,Stropharia,Stropharia rugosoannulata
27,Russula fragilis Fr.,Fungi,Basidiomycota,Agaricomycetes,Russulales,Russulaceae,Russula,Russula fragilis
27,Cuphophyllus pratensis (Pers.) Bon,Fungi,Basidiomycota,Agaricomycetes,Agaricales,Hygrophoraceae,Cuphophyllus,Cuphophyllus pratensis
27,Amanita vaginata (Bull.) Lam.,Fungi,Basidiomycota,Agaricomycetes,Agaricales,Amanitaceae,Amanita,Amanita vaginata
27,Tricholoma pessundatum (Fr.) Quél.,Fungi,Basidiomycota,Agaricomycetes,Agaricales,Tricholomataceae,Tricholoma,Tricholoma pessundatum
27,Cortinarius evernius (Fr.) Fr.,Fungi,Basidiomycota,Agaricomycetes,Agaricales,Cortinariaceae,Cortinarius,Cortinarius evernius
26,Hydnellum caeruleum (Hornem.) P.Karst.,Fungi,Basidiomycota,Agaricomycetes,Thelephorales,Bankeraceae,Hydnellum,Hydnellum caeruleum
26,Phallus indusiatus Vent.,Fungi,Basidiomycota,Agaricomycetes,Phallales,Phallaceae,Phallus,Phallus indusiatus
26,Collybia tuberosa (Bull.) P.Kumm.,Fungi,Basidiomycota,Agaricomycetes,Agaricales,Tricholomataceae,Collybia,Collybia tuberosa
26,Pholiota granulosa (Peck) A.H.Sm. & Hesler,Fungi,Basidiomycota,Agaricomycetes,Agaricales,Strophariaceae,Pholiota,Pholiota granulosa
26,Clitopilus prunulus (Scop.) P.Kumm.,Fungi,Basidiomycota,Agaricomycetes,Agaricales,Entolomataceae,Clitopilus,Clitopilus prunulus
26,Ganoderma lucidum (Curtis) P.Karst.,Fungi,Basidiomycota,Agaricomycetes,Polyporales,Polyporaceae,Ganoderma,Ganoderma lucidum
26,Cuphophyllus virgineus (Wulfen) Kovalenko,Fungi,Basidiomycota,Agaricomycetes,Agaricales,Hygrophoraceae,Cuphophyllus,Cuphophyllus virgineus
26,"Cortinarius iodes Berk. & M.A.Curtis, 1853",Fungi,Basidiomycota,Agaricomycetes,Agaricales,Cortinariaceae,Cortinarius,Cortinarius iodes
26,Imleria badia (Fr.) Vizzini,Fungi,Basidiomycota,Agaricomycetes,Boletales,Boletaceae,Imleria,Imleria badia
26,Rhodofomes roseus (Alb. & Schwein.) Kotl. & Pouzar,Fungi,Basidiomycota,Agaricomycetes,Polyporales,Fomitopsidaceae,Rhodofomes,Rhodofomes roseus
26,Pholiota spumosa (Fr.) Singer,Fungi,Basidiomycota,Agaricomycetes,Agaricales,Strophariaceae,Pholiota,Pholiota spumosa
26,Hypsizygus ulmarius (Bull.) Redhead,Fungi,Basidiomycota,Agaricomycetes,Agaricales,Lyophyllaceae,Hypsizygus,Hypsizygus ulmarius
26,Bresadolia craterella (Berk. & M.A.Curtis) Audet,Fungi,Basidiomycota,Agaricomycetes,Polyporales,Polyporaceae,Bresadolia,Bresadolia craterella
25,Cortinarius trivialis J.E.Lange,Fungi,Basidiomycota,Agaricomycetes,Agaricales,Cortinariaceae,Cortinarius,Cortinarius trivialis
25,"Arrhenia epichysium (Pers.) Redhead, Lutzoni, Moncalvo & Vilgalys",Fungi,Basidiomycota,Agaricomycetes,Agaricales,Hygrophoraceae,Arrhenia,Arrhenia epichysium
25,Stropharia caerulea Kreisel,Fungi,Basidiomycota,Agaricomycetes,Agaricales,Strophariaceae,Stropharia,Stropharia caerulea
25,Hygrocybe chlorophana (Fr.) Wünsche,Fungi,Basidiomycota,Agaricomycetes,Agaricales,Hygrophoraceae,Hygrocybe,Hygrocybe chlorophana
25,Antrodiella semisupina (Berk. & M.A.Curtis) Ryvarden,Fungi,Basidiomycota,Agaricomycetes,Polyporales,Steccherinaceae,Antrodiella,Antrodiella semisupina
25,Clavaria fumosa Pers.,Fungi,Basidiomycota,Agaricomycetes,Agaricales,Clavariaceae,Clavaria,Clavaria fumosa
25,Lactarius helvus (Fr.) Fr.,Fungi,Basidiomycota,Agaricomycetes,Russulales,Russulaceae,Lactarius,Lactarius helvus
25,Melanoleuca davisiae (Peck) Murrill,Fungi,Basidiomycota,Agaricomycetes,Agaricales,Tricholomataceae,Melanoleuca,Melanoleuca davisiae
25,Boletus paluster Peck,Fungi,Basidiomycota,Agaricomycetes,Boletales,Boletaceae,Boletus,Boletus paluster
25,Boletus edulis Bull.,Fungi,Basidiomycota,Agaricomycetes,Boletales,Boletaceae,Boletus,Boletus edulis
25,Lactarius torminosus (Schaeff.) Pers.,Fungi,Basidiomycota,Agaricomycetes,Russulales,Russulaceae,Lactarius,Lactarius torminosus
25,Rickenella fibula (Bull.) Raithelh.,Fungi,Basidiomycota,Agaricomycetes,Hymenochaetales,Rickenellaceae,Rickenella,Rickenella fibula
24,Merismodes fasciculata (Schwein.) Donk,Fungi,Basidiomycota,Agaricomycetes,Agaricales,Niaceae,Merismodes,Merismodes fasciculata
24,Tricholomopsis rutilans (Schaeff.) Singer,Fungi,Basidiomycota,Agaricomycetes,Agaricales,Tricholomataceae,Tricholomopsis,Tricholomopsis rutilans
24,Steccherinum ochraceum (Pers. ex J.F.Gmel.) Gray,Fungi,Basidiomycota,Agaricomycetes,Polyporales,Steccherinaceae,Steccherinum,Steccherinum ochraceum
24,Clitocybula oculus (Peck) Singer,Fungi,Basidiomycota,Agaricomycetes,Agaricales,Marasmiaceae,Clitocybula,Clitocybula oculus
24,Pholiota squarrosoides (Peck) Sacc.,Fungi,Basidiomycota,Agaricomycetes,Agaricales,Strophariaceae,Pholiota,Pholiota squarrosoides
24,Postia balsamea (Peck) Jülich,Fungi,Basidiomycota,Agaricomycetes,Polyporales,Dacryobolaceae,Postia,Postia balsamea
24,Lactarius rufus (Scop.) Fr.,Fungi,Basidiomycota,Agaricomycetes,Russulales,Russulaceae,Lactarius,Lactarius rufus
24,Tricholoma transmutans (Peck) Sacc.,Fungi,Basidiomycota,Agaricomycetes,Agaricales,Tricholomataceae,Tricholoma,Tricholoma transmutans
24,"Lactarius subpurpureus Peck, 1878",Fungi,Basidiomycota,Agaricomycetes,Russulales,Russulaceae,Lactarius,Lactarius subpurpureus
24,Postia tephroleuca (Fr.) Jülich,Fungi,Basidiomycota,Agaricomycetes,Polyporales,Dacryobolaceae,Postia,Postia tephroleuca
24,Neoantrodia variiformis (Peck) Audet,Fungi,Basidiomycota,Agaricomycetes,Polyporales,Fomitopsidaceae,Neoantrodia,Neoantrodia variiformis
24,Cortinarius armeniacus (Schaeff.) Zawadzki,Fungi,Basidiomycota,Agaricomycetes,Agaricales,Cortinariaceae,Cortinarius,Cortinarius armeniacus
23,Xerocomellus chrysenteron (Bull.) Šutara,Fungi,Basidiomycota,Agaricomycetes,Boletales,Boletaceae,Xerocomellus,Xerocomellus chrysenteron
23,Coltricia cinnamomea (Jacq.) Murrill,Fungi,Basidiomycota,Agaricomycetes,Hymenochaetales,Hymenochaetaceae,Coltricia,Coltricia cinnamomea
23,Gomphidius glutinosus (Schaeff.) Fr.,Fungi,Basidiomycota,Agaricomycetes,Boletales,Gomphidiaceae,Gomphidius,Gomphidius glutinosus
23,Tectella patellaris (Fr.) Murrill,Fungi,Basidiomycota,Agaricomycetes,Agaricales,Mycenaceae,Tectella,Tectella patellaris
23,Pseudoarmillariella ectypoides (Peck) Singer,Fungi,Basidiomycota,Agaricomycetes,Agaricales,Hygrophoraceae,Pseudoarmillariella,Pseudoarmillariella ectypoides
23,Hygrocybe coccinea (Schaeff.) P.Kumm.,Fungi,Basidiomycota,Agaricomycetes,Agaricales,Hygrophoraceae,Hygrocybe,Hygrocybe coccinea
23,Russula aeruginea Lindblad ex Fr.,Fungi,Basidiomycota,Agaricomycetes,Russulales,Russulaceae,Russula,Russula aeruginea
23,Russula paludosa Britzelm.,Fungi,Basidiomycota,Agaricomycetes,Russulales,Russulaceae,Russula,Russula paludosa
23,Entoloma sericeum Quél.,Fungi,Basidiomycota,Agaricomycetes,Agaricales,Entolomataceae,Entoloma,Entoloma sericeum
23,Crepidotus calolepis (Fr.) P.Karst.,Fungi,Basidiomycota,Agaricomycetes,Agaricales,Crepidotaceae,Crepidotus,Crepidotus calolepis
23,Lactarius deceptivus Peck,Fungi,Basidiomycota,Agaricomycetes,Russulales,Russulaceae,Lactarius,Lactarius deceptivus
23,Entoloma strictius (Peck) Sacc.,Fungi,Basidiomycota,Agaricomycetes,Agaricales,Entolomataceae,Entoloma,Entoloma strictius
23,Cortinarius alboviolaceus (Pers.) Zawadzki,Fungi,Basidiomycota,Agaricomycetes,Agaricales,Cortinariaceae,Cortinarius,Cortinarius alboviolaceus
23,Pseudoboletus parasiticus (Bull.) Šutara,Fungi,Basidiomycota,Agaricomycetes,Boletales,Boletaceae,Pseudoboletus,Pseudoboletus parasiticus
23,"Coprinopsis lagopus (Fr.) Redhead, Vilgalys & Moncalvo",Fungi,Basidiomycota,Agaricomycetes,Agaricales,Psathyrellaceae,Coprinopsis,Coprinopsis lagopus
22,Xanthoconium affine (Peck) Singer,Fungi,Basidiomycota,Agaricomycetes,Boletales,Boletaceae,Xanthoconium,Xanthoconium affine
22,Laccaria laccata (Scop.) Cooke,Fungi,Basidiomycota,Agaricomycetes,Agaricales,Hydnangiaceae,Laccaria,Laccaria laccata
22,Clitocybe odora (Bull.) P.Kumm.,Fungi,Basidiomycota,Agaricomycetes,Agaricales,Tricholomataceae,Clitocybe,Clitocybe odora
22,Hygrophorus pudorinus (Fr.) Fr.,Fungi,Basidiomycota,Agaricomycetes,Agaricales,Hygrophoraceae,Hygrophorus,Hygrophorus pudorinus
22,Albatrellus ovinus (Schaeff.) Kotl. & Pouzar,Fungi,Basidiomycota,Agaricomycetes,Russulales,Albatrellaceae,Albatrellus,Albatrellus ovinus
22,Inocybe lacera (Fr.) P.Kumm.,Fungi,Basidiomycota,Agaricomycetes,Agaricales,Inocybaceae,Inocybe,Inocybe lacera
22,Cortinarius chrysolitus Kauffman,Fungi,Basidiomycota,Agaricomycetes,Agaricales,Cortinariaceae,Cortinarius,Cortinarius chrysolitus
22,Sarcodon stereosarcinon Wehm.,Fungi,Basidiomycota,Agaricomycetes,Thelephorales,Bankeraceae,Sarcodon,Sarcodon stereosarcinon
22,Crepidotus applanatus (Pers.) P.Kumm.,Fungi,Basidiomycota,Agaricomycetes,Agaricales,Crepidotaceae,Crepidotus,Crepidotus applanatus
22,Agaricus arvensis Schaeff.,Fungi,Basidiomycota,Agaricomycetes,Agaricales,Agaricaceae,Agaricus,Agaricus arvensis
22,Cryptoporus volvatus (Peck) Shear,Fungi,Basidiomycota,Agaricomycetes,Polyporales,Polyporaceae,Cryptoporus,Cryptoporus volvatus
22,"Connopus acervatus (Fr.) K.W.Hughes, Mather & R.H.Petersen",Fungi,Basidiomycota,Agaricomycetes,Agaricales,Omphalotaceae,Connopus,Connopus acervatus
22,Tubaria furfuracea (Pers.) Gillet,Fungi,Basidiomycota,Agaricomycetes,Agaricales,Tubariaceae,Tubaria,Tubaria furfuracea
22,Entoloma incanum (Fr.) Hesler,Fungi,Basidiomycota,Agaricomycetes,Agaricales,Entolomataceae,Entoloma,Entoloma incanum
21,Inocybe flocculosa Sacc.,Fungi,Basidiomycota,Agaricomycetes,Agaricales,Inocybaceae,Inocybe,Inocybe flocculosa
21,Laccaria amethystina Cooke,Fungi,Basidiomycota,Agaricomycetes,Agaricales,Hydnangiaceae,Laccaria,Laccaria amethystina
21,Catathelasma ventricosum (Peck) Singer,Fungi,Basidiomycota,Agaricomycetes,Agaricales,Biannulariaceae,Catathelasma,Catathelasma ventricosum
21,Abortiporus biennis (Bull.) Singer,Fungi,Basidiomycota,Agaricomycetes,Polyporales,Podoscyphaceae,Abortiporus,Abortiporus biennis
21,Russula emetica (Schaeff.) Pers.,Fungi,Basidiomycota,Agaricomycetes,Russulales,Russulaceae,Russula,Russula emetica
21,Gomphus clavatus (Pers.) Gray,Fungi,Basidiomycota,Agaricomycetes,Gomphales,Gomphaceae,Gomphus,Gomphus clavatus
21,Crepidotus crocophyllus (Berk.) Sacc.,Fungi,Basidiomycota,Agaricomycetes,Agaricales,Crepidotaceae,Crepidotus,Crepidotus crocophyllus
21,Pluteus chrysophlebius (Berk. & M.A.Curtis) Sacc.,Fungi,Basidiomycota,Agaricomycetes,Agaricales,Pluteaceae,Pluteus,Pluteus chrysophlebius
21,Tricholoma focale (Fr.) Ricken,Fungi,Basidiomycota,Agaricomycetes,Agaricales,Tricholomataceae,Tricholoma,Tricholoma focale
21,Tricholoma virgatum (Fr.) P.Kumm.,Fungi,Basidiomycota,Agaricomycetes,Agaricales,Tricholomataceae,Tricholoma,Tricholoma virgatum
21,Tricholoma portentosum (Fr.) Quél.,Fungi,Basidiomycota,Agaricomycetes,Agaricales,Tricholomataceae,Tricholoma,Tricholoma portentosum
21,Polyporus umbellatus (Pers.) Fr.,Fungi,Basidiomycota,Agaricomycetes,Polyporales,Polyporaceae,Polyporus,Polyporus umbellatus
21,Lactarius mammosus Fr.,Fungi,Basidiomycota,Agaricomycetes,Russulales,Russulaceae,Lactarius,Lactarius mammosus
21,Leccinum piceinum Pilát & Dermek,Fungi,Basidiomycota,Agaricomycetes,Boletales,Boletaceae,Leccinum,Leccinum piceinum
21,Antrodia heteromorpha (Fr.) Donk,Fungi,Basidiomycota,Agaricomycetes,Polyporales,Fomitopsidaceae,Antrodia,Antrodia heteromorpha
21,Amanita rhacopus Y.Lamoureux,Fungi,Basidiomycota,Agaricomycetes,Agaricales,Amanitaceae,Amanita,Amanita rhacopus
21,Boletinus ampliporus (Peck) Klofac,Fungi,Basidiomycota,Agaricomycetes,Boletales,Suillaceae,Boletinus,Boletinus ampliporus
21,Tulasnella aurantiaca (Bonord.) J.Mack & Seifert,Fungi,Basidiomycota,Agaricomycetes,Cantharellales,Tulasnellaceae,Tulasnella,Tulasnella aurantiaca
20,Xeromphalina kauffmanii A.H.Sm.,Fungi,Basidiomycota,Agaricomycetes,Agaricales,Mycenaceae,Xeromphalina,Xeromphalina kauffmanii
20,Cortinarius pholideus (Lilj.) Fr.,Fungi,Basidiomycota,Agaricomycetes,Agaricales,Cortinariaceae,Cortinarius,Cortinarius pholideus
20,Stropharia hornemannii (Fr.) S.Lundell & Nannf.,Fungi,Basidiomycota,Agaricomycetes,Agaricales,Strophariaceae,Stropharia,Stropharia hornemannii
20,Megacollybia platyphylla (Pers.) Kotl. & Pouzar,Fungi,Basidiomycota,Agaricomycetes,Agaricales,Tricholomataceae,Megacollybia,Megacollybia platyphylla
20,Pycnoporellus fulgens (Fr.) Donk,Fungi,Basidiomycota,Agaricomycetes,Polyporales,Pycnoporellaceae,Pycnoporellus,Pycnoporellus fulgens
20,Cortinarius incognitus Ammirati & A.H.Sm.,Fungi,Basidiomycota,Agaricomycetes,Agaricales,Cortinariaceae,Cortinarius,Cortinarius incognitus
20,Boletinus glandulosus Peck,Fungi,Basidiomycota,Agaricomycetes,Boletales,Suillaceae,Boletinus,Boletinus glandulosus
20,Scleroderma areolatum Ehrenb.,Fungi,Basidiomycota,Agaricomycetes,Boletales,Sclerodermataceae,Scleroderma,Scleroderma areolatum
20,Agaricus placomyces Peck,Fungi,Basidiomycota,Agaricomycetes,Agaricales,Agaricaceae,Agaricus,Agaricus placomyces
20,Tricholoma subluteum Peck,Fungi,Basidiomycota,Agaricomycetes,Agaricales,Tricholomataceae,Tricholoma,Tricholoma subluteum
20,"Lactarius affinis Peck, 1872",Fungi,Basidiomycota,Agaricomycetes,Russulales,Russulaceae,Lactarius,Lactarius affinis
20,Lactarius mucidus Burl.,Fungi,Basidiomycota,Agaricomycetes,Russulales,Russulaceae,Lactarius,Lactarius mucidus
20,Hygrophorus speciosus Peck,Fungi,Basidiomycota,Agaricomycetes,Agaricales,Hygrophoraceae,Hygrophorus,Hygrophorus speciosus
20,Suillus luteus (L.) Roussel,Fungi,Basidiomycota,Agaricomycetes,Boletales,Suillaceae,Suillus,Suillus luteus
20,Hymenopellis megalospora (Clem.) R.H.Petersen,Fungi,Basidiomycota,Agaricomycetes,Agaricales,Physalacriaceae,Hymenopellis,Hymenopellis megalospora
20,Fomitiporia punctata (P.Karst.) Murrill,Fungi,Basidiomycota,Agaricomycetes,Hymenochaetales,Hymenochaetaceae,Fomitiporia,Fomitiporia punctata
20,Lactarius camphoratus (Bull.) Fr.,Fungi,Basidiomycota,Agaricomycetes,Russulales,Russulaceae,Lactarius,Lactarius camphoratus
20,Craterellus lutescens (Fr.) Fr.,Fungi,Basidiomycota,Agaricomycetes,Cantharellales,Hydnaceae,Craterellus,Craterellus lutescens
20,Hypsizygus tessulatus (Bull.) Singer,Fungi,Basidiomycota,Agaricomycetes,Agaricales,Lyophyllaceae,Hypsizygus,Hypsizygus tessulatus
20,Agrocybe pediades (Fr.) Fayod,Fungi,Basidiomycota,Agaricomycetes,Agaricales,Strophariaceae,Agrocybe,Agrocybe pediades
20,Trametes suaveolens (L.) Fr.,Fungi,Basidiomycota,Agaricomycetes,Polyporales,Polyporaceae,Trametes,Trametes suaveolens
20,Rhodocollybia butyracea (Bull.) Lennox,Fungi,Basidiomycota,Agaricomycetes,Agaricales,Omphalotaceae,Rhodocollybia,Rhodocollybia butyracea
20,Hemileccinum hortonii (A.H.Sm. & Thiers) M.Kuo & B.Ortiz,Fungi,Basidiomycota,Agaricomycetes,Boletales,Boletaceae,Hemileccinum,Hemileccinum hortonii
20,Tulosesus bisporus (J.E.Lange) D.Wächt. & A.Melzer,Fungi,Basidiomycota,Agaricomycetes,Agaricales,Psathyrellaceae,Tulosesus,Tulosesus bisporus
19,Phellodon niger (Fr.) P.Karst.,Fungi,Basidiomycota,Agaricomycetes,Thelephorales,Thelephoraceae,Phellodon,Phellodon niger
19,Hydnellum concrescens (Pers.) Banker,Fungi,Basidiomycota,Agaricomycetes,Thelephorales,Bankeraceae,Hydnellum,Hydnellum concrescens
19,Leccinum versipelle (Fr.) Snell,Fungi,Basidiomycota,Agaricomycetes,Boletales,Boletaceae,Leccinum,Leccinum versipelle
19,Cortinarius angelesianus A.H.Sm.,Fungi,Basidiomycota,Agaricomycetes,Agaricales,Cortinariaceae,Cortinarius,Cortinarius angelesianus
19,Conocybe rugosa (Peck) Watling,Fungi,Basidiomycota,Agaricomycetes,Agaricales,Bolbitiaceae,Conocybe,Conocybe rugosa
19,Infundibulicybe gibba (Pers.) Harmaja,Fungi,Basidiomycota,Agaricomycetes,Agaricales,Tricholomataceae,Infundibulicybe,Infundibulicybe gibba
19,Pholiota flammans (Batsch) P.Kumm.,Fungi,Basidiomycota,Agaricomycetes,Agaricales,Strophariaceae,Pholiota,Pholiota flammans
19,Psathyrella piluliformis (Bull.) P.D.Orton,Fungi,Basidiomycota,Agaricomycetes,Agaricales,Psathyrellaceae,Psathyrella,Psathyrella piluliformis
19,Armillaria mellea (Vahl) P.Kumm.,Fungi,Basidiomycota,Agaricomycetes,Agaricales,Physalacriaceae,Armillaria,Armillaria mellea
19,Climacocystis borealis (Fr.) Kotl. & Pouzar,Fungi,Basidiomycota,Agaricomycetes,Polyporales,Fomitopsidaceae,Climacocystis,Climacocystis borealis
19,Ganoderma resinaceum Boud.,Fungi,Basidiomycota,Agaricomycetes,Polyporales,Polyporaceae,Ganoderma,Ganoderma resinaceum
19,Xanthoporus peckianus (Cooke) Audet,Fungi,Basidiomycota,Agaricomycetes,Polyporales,Steccherinaceae,Xanthoporus,Xanthoporus peckianus
19,Agrocybe acericola (Peck) Singer,Fungi,Basidiomycota,Agaricomycetes,Agaricales,Strophariaceae,Agrocybe,Agrocybe acericola
19,Tricholoma inamoenum (Fr.) Gillet,Fungi,Basidiomycota,Agaricomycetes,Agaricales,Tricholomataceae,Tricholoma,Tricholoma inamoenum
19,Lycoperdon subincarnatum Peck,Fungi,Basidiomycota,Agaricomycetes,Agaricales,Lycoperdaceae,Lycoperdon,Lycoperdon subincarnatum
19,"Lichenomphalia umbellifera (L.) Redhead, Lutzoni, Moncalvo & Vilgalys",Fungi,Basidiomycota,Agaricomycetes,Agaricales,Hygrophoraceae,Lichenomphalia,Lichenomphalia umbellifera
19,Auriscalpium vulgare Gray,Fungi,Basidiomycota,Agaricomycetes,Russulales,Auriscalpiaceae,Auriscalpium,Auriscalpium vulgare
19,Tricholoma subsejunctum Peck,Fungi,Basidiomycota,Agaricomycetes,Agaricales,Tricholomataceae,Tricholoma,Tricholoma subsejunctum
19,Pluteus granularis Peck,Fungi,Basidiomycota,Agaricomycetes,Agaricales,Pluteaceae,Pluteus,Pluteus granularis
19,"Harrya chromapes (Frost) Halling, Nuhn, Osmundson & Manfr.Binder, 2012",Fungi,Basidiomycota,Agaricomycetes,Boletales,Boletaceae,Harrya,Harrya chromapes
19,Gliophorus irrigatus (Pers.) A.M.Ainsw. & P.M.Kirk,Fungi,Basidiomycota,Agaricomycetes,Agaricales,Hygrophoraceae,Gliophorus,Gliophorus irrigatus
19,Gyroporus castaneus (Bull.) Quél.,Fungi,Basidiomycota,Agaricomycetes,Boletales,Gyroporaceae,Gyroporus,Gyroporus castaneus
18,Phellinus piceinus (Peck) Pat.,Fungi,Basidiomycota,Agaricomycetes,Hymenochaetales,Hymenochaetaceae,Phellinus,Phellinus piceinus
18,Sebacina incrustans (Pers.) Tul. & C.Tul.,Fungi,Basidiomycota,Agaricomycetes,Sebacinales,Sebacinaceae,Sebacina,Sebacina incrustans
18,Cortinarius torvus (Fr.) Fr.,Fungi,Basidiomycota,Agaricomycetes,Agaricales,Cortinariaceae,Cortinarius,Cortinarius torvus
18,Cortinarius croceus (Schaeff.) Gray,Fungi,Basidiomycota,Agaricomycetes,Agaricales,Cortinariaceae,Cortinarius,Cortinarius croceus
18,Infundibulicybe squamulosa (Pers.) Harmaja,Fungi,Basidiomycota,Agaricomycetes,Agaricales,Tricholomataceae,Infundibulicybe,Infundibulicybe squamulosa
18,Gymnopilus penetrans (Fr.) Murrill,Fungi,Basidiomycota,Agaricomycetes,Agaricales,Hymenogastraceae,Gymnopilus,Gymnopilus penetrans
18,Rhodotus palmatus (Bull.) Maire,Fungi,Basidiomycota,Agaricomycetes,Agaricales,Physalacriaceae,Rhodotus,Rhodotus palmatus
18,Lentinellus cochleatus (Pers.) P.Karst.,Fungi,Basidiomycota,Agaricomycetes,Russulales,Auriscalpiaceae,Lentinellus,Lentinellus cochleatus
18,Myxarium nucleatum Wallr.,Fungi,Basidiomycota,Agaricomycetes,Auriculariales,Hyaloriaceae,Myxarium,Myxarium nucleatum
18,Clavulinopsis laeticolor (Berk. & M.A.Curtis) R.H.Petersen,Fungi,Basidiomycota,Agaricomycetes,Agaricales,Clavariaceae,Clavulinopsis,Clavulinopsis laeticolor
18,Pluteus longistriatus (Peck) Peck,Fungi,Basidiomycota,Agaricomycetes,Agaricales,Pluteaceae,Pluteus,Pluteus longistriatus
18,Melanoleuca fumosolutea (Peck) Murrill,Fungi,Basidiomycota,Agaricomycetes,Agaricales,Tricholomataceae,Melanoleuca,Melanoleuca fumosolutea
18,Amanita abrupta Peck,Fungi,Basidiomycota,Agaricomycetes,Agaricales,Amanitaceae,Amanita,Amanita abrupta
18,Lactarius hygrophoroides Berk. & M.A.Curtis,Fungi,Basidiomycota,Agaricomycetes,Russulales,Russulaceae,Lactarius,Lactarius hygrophoroides
18,"Helvellosebacina concrescens (Schwein.) Oberw., Garnica & K.Riess",Fungi,Basidiomycota,Agaricomycetes,Sebacinales,Sebacinaceae,Helvellosebacina,Helvellosebacina concrescens
18,Phellinopsis conchata (Pers.) Y.C.Dai,Fungi,Basidiomycota,Agaricomycetes,Hymenochaetales,Hymenochaetaceae,Phellinopsis,Phellinopsis conchata
18,Pseudosperma rimosum (Bull.) Matheny & Esteve-Rav.,Fungi,Basidiomycota,Agaricomycetes,Agaricales,Inocybaceae,Pseudosperma,Pseudosperma rimosum
17,Clavariadelphus ligula (Schaeff.) Donk,Fungi,Basidiomycota,Agaricomycetes,Gomphales,Clavariadelphaceae,Clavariadelphus,Clavariadelphus ligula
17,Thelephora terrestris Ehrh.,Fungi,Basidiomycota,Agaricomycetes,Thelephorales,Thelephoraceae,Thelephora,Thelephora terrestris
17,Alloclavaria purpurea (O.F.Müll.) Dentinger & D.J.McLaughlin,Fungi,Basidiomycota,Agaricomycetes,Hymenochaetales,Rickenellaceae,Alloclavaria,Alloclavaria purpurea
17,Cortinarius semisanguineus (Fr.) Gillet,Fungi,Basidiomycota,Agaricomycetes,Agaricales,Cortinariaceae,Cortinarius,Cortinarius semisanguineus
17,Laccaria striatula (Peck) Peck,Fungi,Basidiomycota,Agaricomycetes,Agaricales,Hydnangiaceae,Laccaria,Laccaria striatula
17,Hebeloma crustuliniforme (Bull.) Quél.,Fungi,Basidiomycota,Agaricomycetes,Agaricales,Hymenogastraceae,Hebeloma,Hebeloma crustuliniforme
17,Lepiota clypeolaria (Bull.) P.Kumm.,Fungi,Basidiomycota,Agaricomycetes,Agaricales,Agaricaceae,Lepiota,Lepiota clypeolaria
17,Clitocybula familia (Peck) Singer,Fungi,Basidiomycota,Agaricomycetes,Agaricales,Marasmiaceae,Clitocybula,Clitocybula familia
17,"Meiorganum curtisii (Berk.) Singer, J.García & L.D.Gómez",Fungi,Basidiomycota,Agaricomycetes,Boletales,Paxillaceae,Meiorganum,Meiorganum curtisii
17,Russula decolorans (Fr.) Fr.,Fungi,Basidiomycota,Agaricomycetes,Russulales,Russulaceae,Russula,Russula decolorans
17,Russula puellaris Fr.,Fungi,Basidiomycota,Agaricomycetes,Russulales,Russulaceae,Russula,Russula puellaris
17,Stereum hirsutum (Willd.) Pers.,Fungi,Basidiomycota,Agaricomycetes,Russulales,Stereaceae,Stereum,Stereum hirsutum
17,Exidia recisa (Ditmar) Fr.,Fungi,Basidiomycota,Agaricomycetes,Auriculariales,Auriculariaceae,Exidia,Exidia recisa
17,Cytidia salicina (Fr.) Burt,Fungi,Basidiomycota,Agaricomycetes,Corticiales,Vuilleminiaceae,Cytidia,Cytidia salicina
17,Sphaerobolus stellatus Tode,Fungi,Basidiomycota,Agaricomycetes,Geastrales,Geastraceae,Sphaerobolus,Sphaerobolus stellatus
17,"Boletus subvelutipes Peck, 1889",Fungi,Basidiomycota,Agaricomycetes,Boletales,Boletaceae,Boletus,Boletus subvelutipes
17,Cyptotrama chrysopepla (Berk. & M.A.Curtis) Singer,Fungi,Basidiomycota,Agaricomycetes,Agaricales,Physalacriaceae,Cyptotrama,Cyptotrama chrysopepla
17,Neoalbatrellus caeruleoporus (Peck) Audet,Fungi,Basidiomycota,Agaricomycetes,Russulales,Albatrellaceae,Neoalbatrellus,Neoalbatrellus caeruleoporus
17,Aureoboletus russellii (Frost) G.Wu & Zhu L.Yang,Fungi,Basidiomycota,Agaricomycetes,Boletales,Boletaceae,Aureoboletus,Aureoboletus russellii
17,Cortinarius lucorum (Fr.) E.Berger,Fungi,Basidiomycota,Agaricomycetes,Agaricales,Cortinariaceae,Cortinarius,Cortinarius lucorum
17,"Fuscopostia fragilis (Fr.) B.K.Cui, L.L.Shen & Y.C.Dai",Fungi,Basidiomycota,Agaricomycetes,Polyporales,,Fuscopostia,Fuscopostia fragilis
17,Podofomes mollis (Sommerf.) Gorjón,Fungi,Basidiomycota,Agaricomycetes,Polyporales,Polyporaceae,Podofomes,Podofomes mollis
16,Hydnellum peckii Banker,Fungi,Basidiomycota,Agaricomycetes,Thelephorales,Bankeraceae,Hydnellum,Hydnellum peckii
16,Pleurotus dryinus (Pers.) P.Kumm.,Fungi,Basidiomycota,Agaricomycetes,Agaricales,Pleurotaceae,Pleurotus,Pleurotus dryinus
16,Mycena sanguinolenta (Alb. & Schwein.) P.Kumm.,Fungi,Basidiomycota,Agaricomycetes,Agaricales,Mycenaceae,Mycena,Mycena sanguinolenta
16,Inocybe dulcamara (Pers.) P.Kumm.,Fungi,Basidiomycota,Agaricomycetes,Agaricales,Inocybaceae,Inocybe,Inocybe dulcamara
16,Cortinarius flexipes (Pers.) Fr.,Fungi,Basidiomycota,Agaricomycetes,Agaricales,Cortinariaceae,Cortinarius,Cortinarius flexipes
16,Cortinarius delibutus Fr.,Fungi,Basidiomycota,Agaricomycetes,Agaricales,Cortinariaceae,Cortinarius,Cortinarius delibutus
16,Bovista plumbea Pers.,Fungi,Basidiomycota,Agaricomycetes,Agaricales,Lycoperdaceae,Bovista,Bovista plumbea
16,Leucoagaricus americanus (Peck) Vellinga,Fungi,Basidiomycota,Agaricomycetes,Agaricales,Agaricaceae,Leucoagaricus,Leucoagaricus americanus
16,Cyanosporus caesius (Schrad.) McGinty,Fungi,Basidiomycota,Agaricomycetes,Polyporales,Polyporaceae,Cyanosporus,Cyanosporus caesius
16,Jahnoporus hirtus (Cooke) Nuss,Fungi,Basidiomycota,Agaricomycetes,Polyporales,Dacryobolaceae,Jahnoporus,Jahnoporus hirtus
16,Crepidotus mollis (Schaeff.) Staude,Fungi,Basidiomycota,Agaricomycetes,Agaricales,Crepidotaceae,Crepidotus,Crepidotus mollis
16,Tricholoma terreum (Schaeff.) P.Kumm.,Fungi,Basidiomycota,Agaricomycetes,Agaricales,Tricholomataceae,Tricholoma,Tricholoma terreum
16,Tricholoma imbricatum (Fr.) P.Kumm.,Fungi,Basidiomycota,Agaricomycetes,Agaricales,Tricholomataceae,Tricholoma,Tricholoma imbricatum
16,Lepista nuda (Bull.) Cooke,Fungi,Basidiomycota,Agaricomycetes,Agaricales,Tricholomataceae,Lepista,Lepista nuda
16,Agaricus campestris L.,Fungi,Basidiomycota,Agaricomycetes,Agaricales,Agaricaceae,Agaricus,Agaricus campestris
16,Lactarius tabidus Fr.,Fungi,Basidiomycota,Agaricomycetes,Russulales,Russulaceae,Lactarius,Lactarius tabidus
16,Lactarius uvidus (Fr.) Fr.,Fungi,Basidiomycota,Agaricomycetes,Russulales,Russulaceae,Lactarius,Lactarius uvidus
16,Lactarius gerardii Peck,Fungi,Basidiomycota,Agaricomycetes,Russulales,Russulaceae,Lactarius,Lactarius gerardii
16,"Leucocybe candicans (Pers.) Vizzini, P.Alvarado, G.Moreno & Consiglio",Fungi,Basidiomycota,Agaricomycetes,Agaricales,Tricholomataceae,Leucocybe,Leucocybe candicans
16,Hygrocybe parvula (Peck) Murrill,Fungi,Basidiomycota,Agaricomycetes,Agaricales,Hygrophoraceae,Hygrocybe,Hygrocybe parvula
16,Cortinarius malachius (Fr.) Fr.,Fungi,Basidiomycota,Agaricomycetes,Agaricales,Cortinariaceae,Cortinarius,Cortinarius malachius
16,Cerioporus leptocephalus (Jacq.) Zmitr.,Fungi,Basidiomycota,Agaricomycetes,Polyporales,Polyporaceae,Cerioporus,Cerioporus leptocephalus
16,Neoantrodia serialis (Fr.) Audet,Fungi,Basidiomycota,Agaricomycetes,Polyporales,Fomitopsidaceae,Neoantrodia,Neoantrodia serialis
16,Inosperma calamistratum (Fr.) Matheny & Esteve-Rav.,Fungi,Basidiomycota,Agaricomycetes,Agaricales,Inocybaceae,Inosperma,Inosperma calamistratum
16,"Calcipostia guttulata (Sacc.) B.K.Cui, L.L.Shen & Y.C.Dai",Fungi,Basidiomycota,Agaricomycetes,Polyporales,,Calcipostia,Calcipostia guttulata
16,Thaxterogaster multiformis (Fr.) Niskanen & Liimat.,Fungi,Basidiomycota,Agaricomycetes,Agaricales,Cortinariaceae,Thaxterogaster,Thaxterogaster multiformis
16,Pseudospongipellis delectans (Peck) Y.C.Dai & Chao G.Wang,Fungi,Basidiomycota,Agaricomycetes,Polyporales,Cerrenaceae,Pseudospongipellis,Pseudospongipellis delectans
16,"Rigidonotus glomeratus (Peck) Y.C.Dai, F.Wu, L.W.Zhou, Vlasák & B.K.Cui",Fungi,Basidiomycota,Agaricomycetes,Hymenochaetales,Hymenochaetaceae,Rigidonotus,Rigidonotus glomeratus
15,Hydnoporia olivacea (Schwein.) Teixeira,Fungi,Basidiomycota,Agaricomycetes,Hymenochaetales,Hymenochaetaceae,Hydnoporia,Hydnoporia olivacea
15,Phellinus lundellii Niemelä,Fungi,Basidiomycota,Agaricomycetes,Hymenochaetales,Hymenochaetaceae,Phellinus,Phellinus lundellii
15,Mycena acicula (Schaeff.) P.Kumm.,Fungi,Basidiomycota,Agaricomycetes,Agaricales,Mycenaceae,Mycena,Mycena acicula
15,Cortinarius raphanoides (Pers.) Fr.,Fungi,Basidiomycota,Agaricomycetes,Agaricales,Cortinariaceae,Cortinarius,Cortinarius raphanoides
15,Cortinarius biformis Fr.,Fungi,Basidiomycota,Agaricomycetes,Agaricales,Cortinariaceae,Cortinarius,Cortinarius biformis
15,"Coprinellus verrucispermus (Joss. & Enderle) Redhead, Vilgalys & Moncalvo",Fungi,Basidiomycota,Agaricomycetes,Agaricales,Psathyrellaceae,Coprinellus,Coprinellus verrucispermus
15,Mycetinis scorodonius (Fr.) A.W.Wilson & Desjardin,Fungi,Basidiomycota,Agaricomycetes,Agaricales,Omphalotaceae,Mycetinis,Mycetinis scorodonius
15,Baeospora myosura (Fr.) Singer,Fungi,Basidiomycota,Agaricomycetes,Agaricales,Marasmiaceae,Baeospora,Baeospora myosura
15,Cuphophyllus lacmus (Schumach.) Bon,Fungi,Basidiomycota,Agaricomycetes,Agaricales,Hygrophoraceae,Cuphophyllus,Cuphophyllus lacmus
15,Hygrophorus olivaceoalbus (Fr.) Fr.,Fungi,Basidiomycota,Agaricomycetes,Agaricales,Hygrophoraceae,Hygrophorus,Hygrophorus olivaceoalbus
15,Entoloma rhodopolium (Fr.) P.Kumm.,Fungi,Basidiomycota,Agaricomycetes,Agaricales,Entolomataceae,Entoloma,Entoloma rhodopolium
15,Phlebia coccineofulva Schwein.,Fungi,Basidiomycota,Agaricomycetes,Polyporales,Meruliaceae,Phlebia,Phlebia coccineofulva
15,Russula xerampelina (Schaeff.) Fr.,Fungi,Basidiomycota,Agaricomycetes,Russulales,Russulaceae,Russula,Russula xerampelina
15,Russula aquosa Leclair,Fungi,Basidiomycota,Agaricomycetes,Russulales,Russulaceae,Russula,Russula aquosa
15,Simocybe centunculus (Fr.) P.Karst.,Fungi,Basidiomycota,Agaricomycetes,Agaricales,Crepidotaceae,Simocybe,Simocybe centunculus
15,Hygrocybe acutoconica (Clem.) Singer,Fungi,Basidiomycota,Agaricomycetes,Agaricales,Hygrophoraceae,Hygrocybe,Hygrocybe acutoconica
15,Entoloma subsinuatum Murrill,Fungi,Basidiomycota,Agaricomycetes,Agaricales,Entolomataceae,Entoloma,Entoloma subsinuatum
15,Cortinarius corrugatus Peck,Fungi,Basidiomycota,Agaricomycetes,Agaricales,Cortinariaceae,Cortinarius,Cortinarius corrugatus
15,"Leccinum insolens A.H.Sm., Thiers & Watling",Fungi,Basidiomycota,Agaricomycetes,Boletales,Boletaceae,Leccinum,Leccinum insolens
15,"Leccinum snellii A.H.Sm., Thiers & Watling",Fungi,Basidiomycota,Agaricomycetes,Boletales,Boletaceae,Leccinum,Leccinum snellii
15,Suillus acidus (Peck) Singer,Fungi,Basidiomycota,Agaricomycetes,Boletales,Suillaceae,Suillus,Suillus acidus
15,Tubaria confragosa (Fr.) Harmaja,Fungi,Basidiomycota,Agaricomycetes,Agaricales,Tubariaceae,Tubaria,Tubaria confragosa
15,Crepidotus cinnabarinus Peck,Fungi,Basidiomycota,Agaricomycetes,Agaricales,Crepidotaceae,Crepidotus,Crepidotus cinnabarinus
15,Pluteus plautus (Weinm.) Gillet,Fungi,Basidiomycota,Agaricomycetes,Agaricales,Pluteaceae,Pluteus,Pluteus plautus
15,Tricholoma columbetta (Fr.) P.Kumm.,Fungi,Basidiomycota,Agaricomycetes,Agaricales,Tricholomataceae,Tricholoma,Tricholoma columbetta
15,Tricholoma argyraceum (Bull.) Gillet,Fungi,Basidiomycota,Agaricomycetes,Agaricales,Tricholomataceae,Tricholoma,Tricholoma argyraceum
15,Cyathus stercoreus (Schwein.) De Toni,Fungi,Basidiomycota,Agaricomycetes,Agaricales,Agaricaceae,Cyathus,Cyathus stercoreus
15,Lactarius repraesentaneus Britzelm.,Fungi,Basidiomycota,Agaricomycetes,Russulales,Russulaceae,Lactarius,Lactarius repraesentaneus
15,Sistotrema confluens Pers.,Fungi,Basidiomycota,Agaricomycetes,Cantharellales,Hydnaceae,Sistotrema,Sistotrema confluens
15,Cortinarius sanguineus (Wulfen) Gray,Fungi,Basidiomycota,Agaricomycetes,Agaricales,Cortinariaceae,Cortinarius,Cortinarius sanguineus
15,Tricholoma acerbum (Bull.) Quél.,Fungi,Basidiomycota,Agaricomycetes,Agaricales,Tricholomataceae,Tricholoma,Tricholoma acerbum
15,"Protostropharia semiglobata (Batsch) Redhead, Moncalvo & Vilgalys",Fungi,Basidiomycota,Agaricomycetes,Agaricales,Strophariaceae,Protostropharia,Protostropharia semiglobata
15,Cortinarius brunneus (Pers.) Fr.,Fungi,Basidiomycota,Agaricomycetes,Agaricales,Cortinariaceae,Cortinarius,Cortinarius brunneus
15,Entoloma formosum (Fr.) Noordel.,Fungi,Basidiomycota,Agaricomycetes,Agaricales,Entolomataceae,Entoloma,Entoloma formosum
15,Lactarius vietus (Fr.) Fr.,Fungi,Basidiomycota,Agaricomycetes,Russulales,Russulaceae,Lactarius,Lactarius vietus
15,Russula adusta (Pers.) Fr.,Fungi,Basidiomycota,Agaricomycetes,Russulales,Russulaceae,Russula,Russula adusta
15,Picipes melanopus (Pers.) Zmitr. & Kovalenko,Fungi,Basidiomycota,Agaricomycetes,Polyporales,Polyporaceae,Picipes,Picipes melanopus
15,Cortinarius tinctorum Bidaud & Carteret,Fungi,Basidiomycota,Agaricomycetes,Agaricales,Cortinariaceae,Cortinarius,Cortinarius tinctorum
15,"Rhodofomes cajanderi (P.Karst.) B.K.Cui, M.L.Han & Y.C.Dai",Fungi,Basidiomycota,Agaricomycetes,Polyporales,Fomitopsidaceae,Rhodofomes,Rhodofomes cajanderi
15,Cortinarius bolaris (Pers.) Zawadzki,Fungi,Basidiomycota,Agaricomycetes,Agaricales,Cortinariaceae,Cortinarius,Cortinarius bolaris
15,Poriella subacida (Peck) C.L.Zhao,Fungi,Basidiomycota,Agaricomycetes,Polyporales,Polyporaceae,Poriella,Poriella subacida
15,Cystoagaricus subamarus (A.H.Sm.) Voto,Fungi,Basidiomycota,Agaricomycetes,Agaricales,Psathyrellaceae,Cystoagaricus,Cystoagaricus subamarus
14,Phellodon tomentosus (L.) Banker,Fungi,Basidiomycota,Agaricomycetes,Thelephorales,Thelephoraceae,Phellodon,Phellodon tomentosus
14,Hydnellum aurantiacum (Batsch) P.Karst.,Fungi,Basidiomycota,Agaricomycetes,Thelephorales,Bankeraceae,Hydnellum,Hydnellum aurantiacum
14,Hydnellum scrobiculatum (Fr.) P.Karst.,Fungi,Basidiomycota,Agaricomycetes,Thelephorales,Bankeraceae,Hydnellum,Hydnellum scrobiculatum
14,Hohenbuehelia angustata (Berk.) Singer,Fungi,Basidiomycota,Agaricomycetes,Agaricales,Pleurotaceae,Hohenbuehelia,Hohenbuehelia angustata
14,Plicatura nivea (Fr.) P.Karst.,Fungi,Basidiomycota,Agaricomycetes,Agaricales,,Plicatura,Plicatura nivea
14,Cortinarius claricolor (Fr.) Fr.,Fungi,Basidiomycota,Agaricomycetes,Agaricales,Cortinariaceae,Cortinarius,Cortinarius claricolor
14,Cortinarius anomalus (Fr.) Fr.,Fungi,Basidiomycota,Agaricomycetes,Agaricales,Cortinariaceae,Cortinarius,Cortinarius anomalus
14,Gymnopilus sapineus (Fr.) Murrill,Fungi,Basidiomycota,Agaricomycetes,Agaricales,Hymenogastraceae,Gymnopilus,Gymnopilus sapineus
14,Crinipellis scabella (Alb. & Schwein.) Murrill,Fungi,Basidiomycota,Agaricomycetes,Agaricales,Marasmiaceae,Crinipellis,Crinipellis scabella
14,"Hygrophorus camarophyllus (Alb. & Schwein.) Dumée, Grandjean & Maire",Fungi,Basidiomycota,Agaricomycetes,Agaricales,Hygrophoraceae,Hygrophorus,Hygrophorus camarophyllus
14,Hygrophorus chrysodon (Batsch) Fr.,Fungi,Basidiomycota,Agaricomycetes,Agaricales,Hygrophoraceae,Hygrophorus,Hygrophorus chrysodon
14,Dichomitus squalens (P.Karst.) D.A.Reid,Fungi,Basidiomycota,Agaricomycetes,Polyporales,Polyporaceae,Dichomitus,Dichomitus squalens
14,Russula risigallina (Batsch) Sacc.,Fungi,Basidiomycota,Agaricomycetes,Russulales,Russulaceae,Russula,Russula risigallina
14,Stereum sanguinolentum (Alb. & Schwein.) Fr.,Fungi,Basidiomycota,Agaricomycetes,Russulales,Stereaceae,Stereum,Stereum sanguinolentum
14,Marasmius siccus (Schwein.) Fr.,Fungi,Basidiomycota,Agaricomycetes,Agaricales,Marasmiaceae,Marasmius,Marasmius siccus
14,Hygrophorus ponderatus Britzelm.,Fungi,Basidiomycota,Agaricomycetes,Agaricales,Hygrophoraceae,Hygrophorus,Hygrophorus ponderatus
14,Entoloma luteum Peck,Fungi,Basidiomycota,Agaricomycetes,Agaricales,Entolomataceae,Entoloma,Entoloma luteum
14,Sarcodon imbricatus (L.) P.Karst.,Fungi,Basidiomycota,Agaricomycetes,Thelephorales,Bankeraceae,Sarcodon,Sarcodon imbricatus
14,Mutinus elegans (Mont.) E.Fisch.,Fungi,Basidiomycota,Agaricomycetes,Phallales,Phallaceae,Mutinus,Mutinus elegans
14,"Suillus tomentosus Singer, Snell & E.A.Dick",Fungi,Basidiomycota,Agaricomycetes,Boletales,Suillaceae,Suillus,Suillus tomentosus
14,Lepista irina (Fr.) H.E.Bigelow,Fungi,Basidiomycota,Agaricomycetes,Agaricales,Tricholomataceae,Lepista,Lepista irina
14,Melanoleuca brevipes (Bull.) Pat.,Fungi,Basidiomycota,Agaricomycetes,Agaricales,Tricholomataceae,Melanoleuca,Melanoleuca brevipes
14,Lycoperdon curtisii Berk.,Fungi,Basidiomycota,Agaricomycetes,Agaricales,Lycoperdaceae,Lycoperdon,Lycoperdon curtisii
14,Mycena subcaerulea Sacc.,Fungi,Basidiomycota,Agaricomycetes,Agaricales,Mycenaceae,Mycena,Mycena subcaerulea
14,Tricholoma odorum Peck,Fungi,Basidiomycota,Agaricomycetes,Agaricales,Tricholomataceae,Tricholoma,Tricholoma odorum
14,Lactarius griseus Peck,Fungi,Basidiomycota,Agaricomycetes,Russulales,Russulaceae,Lactarius,Lactarius griseus
14,Boletinus spectabilis (Peck) Murrill,Fungi,Basidiomycota,Agaricomycetes,Boletales,Suillaceae,Boletinus,Boletinus spectabilis
14,Cortinarius glandicolor (Fr.) Fr.,Fungi,Basidiomycota,Agaricomycetes,Agaricales,Cortinariaceae,Cortinarius,Cortinarius glandicolor
14,Panus neostrigosus Drechsler-Santos & Wartchow,Fungi,Basidiomycota,Agaricomycetes,Polyporales,Panaceae,Panus,Panus neostrigosus
14,Loweomyces fractipes (Berk. & M.A.Curtis) Jülich,Fungi,Basidiomycota,Agaricomycetes,Polyporales,Steccherinaceae,Loweomyces,Loweomyces fractipes
14,Daedalea quercina (L.) Pers.,Fungi,Basidiomycota,Agaricomycetes,Polyporales,Fomitopsidaceae,Daedalea,Daedalea quercina
14,Lactarius subdulcis (Pers.) Gray,Fungi,Basidiomycota,Agaricomycetes,Russulales,Russulaceae,Lactarius,Lactarius subdulcis
14,Zhuliangomyces illinitus (Fr.) Redhead,Fungi,Basidiomycota,Agaricomycetes,Agaricales,Amanitaceae,Zhuliangomyces,Zhuliangomyces illinitus
14,Cortinarius decipiens (Pers.) Zawadzki,Fungi,Basidiomycota,Agaricomycetes,Agaricales,Cortinariaceae,Cortinarius,Cortinarius decipiens
13,Phellinus prunicola (Murrill) Gilb.,Fungi,Basidiomycota,Agaricomycetes,Hymenochaetales,Hymenochaetaceae,Phellinus,Phellinus prunicola
13,Inocutis rheades (Pers.) Fiasson & Niemelä,Fungi,Basidiomycota,Agaricomycetes,Hymenochaetales,Hymenochaetaceae,Inocutis,Inocutis rheades
13,Clavariadelphus truncatus Donk,Fungi,Basidiomycota,Agaricomycetes,Gomphales,Clavariadelphaceae,Clavariadelphus,Clavariadelphus truncatus
13,Polyozellus multiplex (Underw.) Murrill,Fungi,Basidiomycota,Agaricomycetes,Thelephorales,Thelephoraceae,Polyozellus,Polyozellus multiplex
13,Chroogomphus rutilus (Schaeff.) O.K.Mill.,Fungi,Basidiomycota,Agaricomycetes,Boletales,Gomphidiaceae,Chroogomphus,Chroogomphus rutilus
13,Xeromphalina tenuipes (Schwein.) A.H.Sm.,Fungi,Basidiomycota,Agaricomycetes,Agaricales,Mycenaceae,Xeromphalina,Xeromphalina tenuipes
13,Cortinarius camphoratus (Fr.) Fr.,Fungi,Basidiomycota,Agaricomycetes,Agaricales,Cortinariaceae,Cortinarius,Cortinarius camphoratus
13,Cortinarius obtusus (Fr.) Fr.,Fungi,Basidiomycota,Agaricomycetes,Agaricales,Cortinariaceae,Cortinarius,Cortinarius obtusus
13,Pholiota lignicola (Peck) Jacobsson,Fungi,Basidiomycota,Agaricomycetes,Agaricales,Strophariaceae,Pholiota,Pholiota lignicola
13,Pholiota populnea (Pers.) Kuyper & Tjall.-Beuk.,Fungi,Basidiomycota,Agaricomycetes,Agaricales,Strophariaceae,Pholiota,Pholiota populnea
13,Cystodermella cinnabarina (Alb. & Schwein.) Harmaja,Fungi,Basidiomycota,Agaricomycetes,Agaricales,Agaricaceae,Cystodermella,Cystodermella cinnabarina
13,Rhizomarasmius pyrrhocephalus (Berk.) R.H.Petersen,Fungi,Basidiomycota,Agaricomycetes,Agaricales,Physalacriaceae,Rhizomarasmius,Rhizomarasmius pyrrhocephalus
13,Hygrophorus agathosmus (Fr.) Fr.,Fungi,Basidiomycota,Agaricomycetes,Agaricales,Hygrophoraceae,Hygrophorus,Hygrophorus agathosmus
13,Hygrophorus russula (Schaeff. ex Fr.) Kauffman,Fungi,Basidiomycota,Agaricomycetes,Agaricales,Hygrophoraceae,Hygrophorus,Hygrophorus russula
13,Entoloma serrulatum (Fr.) Hesler,Fungi,Basidiomycota,Agaricomycetes,Agaricales,Entolomataceae,Entoloma,Entoloma serrulatum
13,Stereum subtomentosum Pouzar,Fungi,Basidiomycota,Agaricomycetes,Russulales,Stereaceae,Stereum,Stereum subtomentosum
13,Exidia repanda Fr.,Fungi,Basidiomycota,Agaricomycetes,Auriculariales,Auriculariaceae,Exidia,Exidia repanda
13,Hydnum umbilicatum Peck,Fungi,Basidiomycota,Agaricomycetes,Cantharellales,Hydnaceae,Hydnum,Hydnum umbilicatum
13,Fuscoboletinus weaverae A.H.Sm. & Shaffer,Fungi,Basidiomycota,Agaricomycetes,Boletales,Suillaceae,Fuscoboletinus,Fuscoboletinus weaverae
13,Hygrophorus ligatus Fr.,Fungi,Basidiomycota,Agaricomycetes,Agaricales,Hygrophoraceae,Hygrophorus,Hygrophorus ligatus
13,Hygrocybe squamulosa (Ellis & Everh.) Arnolds,Fungi,Basidiomycota,Agaricomycetes,Agaricales,Hygrophoraceae,Hygrocybe,Hygrocybe squamulosa
13,Entoloma bicolor Murrill,Fungi,Basidiomycota,Agaricomycetes,Agaricales,Entolomataceae,Entoloma,Entoloma bicolor
13,Cortinarius impolitus Kauffman,Fungi,Basidiomycota,Agaricomycetes,Agaricales,Cortinariaceae,Cortinarius,Cortinarius impolitus
13,"Russula compacta Frost, 1879",Fungi,Basidiomycota,Agaricomycetes,Russulales,Russulaceae,Russula,Russula compacta
13,Russula peckii Singer,Fungi,Basidiomycota,Agaricomycetes,Russulales,Russulaceae,Russula,Russula peckii
13,Kuehneromyces marginellus (Peck) Redhead,Fungi,Basidiomycota,Agaricomycetes,Agaricales,Strophariaceae,Kuehneromyces,Kuehneromyces marginellus
13,Suillus brevipes (Peck) Kuntze,Fungi,Basidiomycota,Agaricomycetes,Boletales,Suillaceae,Suillus,Suillus brevipes
13,Pluteus petasatus (Fr.) Gillet,Fungi,Basidiomycota,Agaricomycetes,Agaricales,Pluteaceae,Pluteus,Pluteus petasatus
13,Tricholoma fulvum (DC.) Bigeard & H.Guill.,Fungi,Basidiomycota,Agaricomycetes,Agaricales,Tricholomataceae,Tricholoma,Tricholoma fulvum
13,Trichaptum fuscoviolaceum (Ehrenb.) Ryvarden,Fungi,Basidiomycota,Agaricomycetes,Hymenochaetales,,Trichaptum,Trichaptum fuscoviolaceum
13,Lactarius trivialis (Fr.) Fr.,Fungi,Basidiomycota,Agaricomycetes,Russulales,Russulaceae,Lactarius,Lactarius trivialis
13,Amphinema byssoides (Pers.) J.Erikss.,Fungi,Basidiomycota,Agaricomycetes,Atheliales,Atheliaceae,Amphinema,Amphinema byssoides
13,Chlorophyllum rhacodes (Vittad.) Vellinga,Fungi,Basidiomycota,Agaricomycetes,Agaricales,Agaricaceae,Chlorophyllum,Chlorophyllum rhacodes
13,Lactarius psammicola A.H.Sm.,Fungi,Basidiomycota,Agaricomycetes,Russulales,Russulaceae,Lactarius,Lactarius psammicola
13,"Amanita flavorubens (Berk. & Mont.) Sacc., 1887",Fungi,Basidiomycota,Agaricomycetes,Agaricales,Amanitaceae,Amanita,Amanita flavorubens
13,Mycena niveipes (Murrill) Murrill,Fungi,Basidiomycota,Agaricomycetes,Agaricales,Mycenaceae,Mycena,Mycena niveipes
13,"Leucocybe connata (Schumach.) Vizzini, P.Alvarado, G.Moreno & Consiglio",Fungi,Basidiomycota,Agaricomycetes,Agaricales,Tricholomataceae,Leucocybe,Leucocybe connata
13,Cyclocybe erebia (Fr.) Vizzini & Matheny,Fungi,Basidiomycota,Agaricomycetes,Agaricales,Tubariaceae,Cyclocybe,Cyclocybe erebia
13,Porodaedalea pini (Brot.) Murrill,Fungi,Basidiomycota,Agaricomycetes,Hymenochaetales,Hymenochaetaceae,Porodaedalea,Porodaedalea pini
13,Lactarius pyrogalus (Bull.) Fr.,Fungi,Basidiomycota,Agaricomycetes,Russulales,Russulaceae,Lactarius,Lactarius pyrogalus
13,Picipes tubaeformis (P.Karst.) Zmitr. & Kovalenko,Fungi,Basidiomycota,Agaricomycetes,Polyporales,Polyporaceae,Picipes,Picipes tubaeformis
13,"Niveoporofomes spraguei (Berk. & M.A.Curtis) B.K.Cui, M.L.Han & Y.C.Dai",Fungi,Basidiomycota,Agaricomycetes,Polyporales,Fomitopsidaceae,Niveoporofomes,Niveoporofomes spraguei
13,Polyozellus atrolazulinus S.A.Trudell & Kõljalg,Fungi,Basidiomycota,Agaricomycetes,Thelephorales,Thelephoraceae,Polyozellus,Polyozellus atrolazulinus
13,Phlegmacium argutum (Fr.) Niskanen & Liimat.,Fungi,Basidiomycota,Agaricomycetes,Agaricales,Cortinariaceae,Phlegmacium,Phlegmacium argutum
13,Calonarius olearioides (Rob.Henry) Niskanen & Liimat.,Fungi,Basidiomycota,Agaricomycetes,Agaricales,Cortinariaceae,Calonarius,Calonarius olearioides
13,Thaxterogaster scaurus (Fr.) Niskanen & Liimat.,Fungi,Basidiomycota,Agaricomycetes,Agaricales,Cortinariaceae,Thaxterogaster,Thaxterogaster scaurus
12,Hyphodontia pallidula (Bres.) J.Erikss.,Fungi,Basidiomycota,Agaricomycetes,Hymenochaetales,Hyphodontiaceae,Hyphodontia,Hyphodontia pallidula
12,Thelephora caryophyllea (Schaeff.) Pers.,Fungi,Basidiomycota,Agaricomycetes,Thelephorales,Thelephoraceae,Thelephora,Thelephora caryophyllea
12,Rhizopogon roseolus (Corda) Th.Fr.,Fungi,Basidiomycota,Agaricomycetes,Boletales,Rhizopogonaceae,Rhizopogon,Rhizopogon roseolus
12,Xanthoconium separans (Peck) Halling & Both,Fungi,Basidiomycota,Agaricomycetes,Boletales,Boletaceae,Xanthoconium,Xanthoconium separans
12,Resupinatus applicatus (Batsch) Gray,Fungi,Basidiomycota,Agaricomycetes,Agaricales,Pleurotaceae,Resupinatus,Resupinatus applicatus
12,Galerina paludosa (Fr.) Kühner,Fungi,Basidiomycota,Agaricomycetes,Agaricales,Hymenogastraceae,Galerina,Galerina paludosa
12,Cyptotrama asprata (Berk.) Redhead & Ginns,Fungi,Basidiomycota,Agaricomycetes,Agaricales,Physalacriaceae,Cyptotrama,Cyptotrama asprata
12,Russula claroflava Grove,Fungi,Basidiomycota,Agaricomycetes,Russulales,Russulaceae,Russula,Russula claroflava
12,Leptosporomyces galzinii (Bourdot) Jülich,Fungi,Basidiomycota,Agaricomycetes,Atheliales,Atheliaceae,Leptosporomyces,Leptosporomyces galzinii
12,Geastrum triplex Jungh.,Fungi,Basidiomycota,Agaricomycetes,Geastrales,Geastraceae,Geastrum,Geastrum triplex
12,Crinipellis setipes (Peck) Singer,Fungi,Basidiomycota,Agaricomycetes,Agaricales,Marasmiaceae,Crinipellis,Crinipellis setipes
12,Cortinarius suberi Soop,Fungi,Basidiomycota,Agaricomycetes,Agaricales,Cortinariaceae,Cortinarius,Cortinarius suberi
12,Boletopsis grisea (Peck) Bondartsev & Singer,Fungi,Basidiomycota,Agaricomycetes,Thelephorales,Bankeraceae,Boletopsis,Boletopsis grisea
12,Suillus neoalbidipes M.E.Palm & E.L.Stewart,Fungi,Basidiomycota,Agaricomycetes,Boletales,Suillaceae,Suillus,Suillus neoalbidipes
12,Tricholoma aurantium (Schaeff.) Ricken,Fungi,Basidiomycota,Agaricomycetes,Agaricales,Tricholomataceae,Tricholoma,Tricholoma aurantium
12,"Coprinopsis cothurnata (Godey) Redhead, Vilgalys & Moncalvo",Fungi,Basidiomycota,Agaricomycetes,Agaricales,Psathyrellaceae,Coprinopsis,Coprinopsis cothurnata
12,Lactarius pubescens Fr.,Fungi,Basidiomycota,Agaricomycetes,Russulales,Russulaceae,Lactarius,Lactarius pubescens
12,Lactarius glyciosmus (Fr.) Fr.,Fungi,Basidiomycota,Agaricomycetes,Russulales,Russulaceae,Lactarius,Lactarius glyciosmus
12,Gloeophyllum trabeum (Pers.) Murrill,Fungi,Basidiomycota,Agaricomycetes,Gloeophyllales,Gloeophyllaceae,Gloeophyllum,Gloeophyllum trabeum
12,Gymnopus subsulphureus (Peck) Murrill,Fungi,Basidiomycota,Agaricomycetes,Agaricales,Omphalotaceae,Gymnopus,Gymnopus subsulphureus
12,Pluteus tomentosulus Peck,Fungi,Basidiomycota,Agaricomycetes,Agaricales,Pluteaceae,Pluteus,Pluteus tomentosulus
12,Lactarius cinereus Peck,Fungi,Basidiomycota,Agaricomycetes,Russulales,Russulaceae,Lactarius,Lactarius cinereus
12,Suillus serotinus (Frost) Kretzer & T.D.Bruns,Fungi,Basidiomycota,Agaricomycetes,Boletales,Suillaceae,Suillus,Suillus serotinus
12,Cortinarius cinnamomeus (L.) Gray,Fungi,Basidiomycota,Agaricomycetes,Agaricales,Cortinariaceae,Cortinarius,Cortinarius cinnamomeus
12,Sphagnurus paluster (Peck) Redhead & V.Hofst.,Fungi,Basidiomycota,Agaricomycetes,Agaricales,Lyophyllaceae,Sphagnurus,Sphagnurus paluster
12,Pseudotricholoma umbrosum (A.H.Sm. & M.B.Walters) Sánchez-García & Matheny,Fungi,Basidiomycota,Agaricomycetes,Agaricales,Tricholomataceae,Pseudotricholoma,Pseudotricholoma umbrosum
12,Phellinus cinereus Niemelä,Fungi,Basidiomycota,Agaricomycetes,Hymenochaetales,Hymenochaetaceae,Phellinus,Phellinus cinereus
12,Pholiota lenta (Pers.) Singer,Fungi,Basidiomycota,Agaricomycetes,Agaricales,Strophariaceae,Pholiota,Pholiota lenta
12,Bolbitius titubans (Bull.) Fr.,Fungi,Basidiomycota,Agaricomycetes,Agaricales,Bolbitiaceae,Bolbitius,Bolbitius titubans
12,"Hydnellum scabrosum (Fr.) E.Larss., K.H.Larss. & Kõljalg",Fungi,Basidiomycota,Agaricomycetes,Thelephorales,Bankeraceae,Hydnellum,Hydnellum scabrosum
12,Phellodon violascens (Alb. & Schwein.) A.M.Ainsw.,Fungi,Basidiomycota,Agaricomycetes,Thelephorales,Thelephoraceae,Phellodon,Phellodon violascens
12,Cystinarius crassus (Fr.) Niskanen & Liimat.,Fungi,Basidiomycota,Agaricomycetes,Agaricales,Cortinariaceae,Cystinarius,Cystinarius crassus
11,Cortinarius stillatitius Fr.,Fungi,Basidiomycota,Agaricomycetes,Agaricales,Cortinariaceae,Cortinarius,Cortinarius stillatitius
11,Cortinarius quarciticus H.Lindstr.,Fungi,Basidiomycota,Agaricomycetes,Agaricales,Cortinariaceae,Cortinarius,Cortinarius quarciticus
11,Cortinarius mucosus (Bull.) J.Kickx f.,Fungi,Basidiomycota,Agaricomycetes,Agaricales,Cortinariaceae,Cortinarius,Cortinarius mucosus
11,Clitocybe truncicola (Peck) Sacc.,Fungi,Basidiomycota,Agaricomycetes,Agaricales,Tricholomataceae,Clitocybe,Clitocybe truncicola
11,Agrocybe molesta (Lasch) Singer,Fungi,Basidiomycota,Agaricomycetes,Agaricales,Strophariaceae,Agrocybe,Agrocybe molesta
11,Cystodermella granulosa (Batsch) Harmaja,Fungi,Basidiomycota,Agaricomycetes,Agaricales,Agaricaceae,Cystodermella,Cystodermella granulosa
11,Calvatia cyathiformis (Bosc) Morgan,Fungi,Basidiomycota,Agaricomycetes,Agaricales,Lycoperdaceae,Calvatia,Calvatia cyathiformis
11,Cuphophyllus canescens (A.H.Sm. & Hesler) Bon,Fungi,Basidiomycota,Agaricomycetes,Agaricales,Hygrophoraceae,Cuphophyllus,Cuphophyllus canescens
11,Entoloma vernum S.Lundell,Fungi,Basidiomycota,Agaricomycetes,Agaricales,Entolomataceae,Entoloma,Entoloma vernum
11,Trametopsis cervina (Schwein.) Tomšovský,Fungi,Basidiomycota,Agaricomycetes,Polyporales,Irpicaceae,Trametopsis,Trametopsis cervina
11,Trametes trogii Berk.,Fungi,Basidiomycota,Agaricomycetes,Polyporales,Polyporaceae,Trametes,Trametes trogii
11,Cystostereum murrayi (Berk. & M.A.Curtis) Pouzar,Fungi,Basidiomycota,Agaricomycetes,Agaricales,Cystostereaceae,Cystostereum,Cystostereum murrayi
11,Russula fragrantissima Romagn.,Fungi,Basidiomycota,Agaricomycetes,Russulales,Russulaceae,Russula,Russula fragrantissima
11,Russula albonigra (Krombh.) Fr.,Fungi,Basidiomycota,Agaricomycetes,Russulales,Russulaceae,Russula,Russula albonigra
11,Geastrum saccatum Fr.,Fungi,Basidiomycota,Agaricomycetes,Geastrales,Geastraceae,Geastrum,Geastrum saccatum
11,"Stropharia hardii G.F.Atk., 1906",Fungi,Basidiomycota,Agaricomycetes,Agaricales,Strophariaceae,Stropharia,Stropharia hardii
11,Panaeolus papilionaceus (Bull.) Quél.,Fungi,Basidiomycota,Agaricomycetes,Agaricales,Bolbitiaceae,Panaeolus,Panaeolus papilionaceus
11,Inocybe tahquamenonensis D.E.Stuntz,Fungi,Basidiomycota,Agaricomycetes,Agaricales,Inocybaceae,Inocybe,Inocybe tahquamenonensis
11,Inocybe albodisca Peck,Fungi,Basidiomycota,Agaricomycetes,Agaricales,Inocybaceae,Inocybe,Inocybe albodisca
11,Leucoagaricus rubrotinctus (Peck) Singer,Fungi,Basidiomycota,Agaricomycetes,Agaricales,Agaricaceae,Leucoagaricus,Leucoagaricus rubrotinctus
11,Tylopilus exiguus T.W.Henkel,Fungi,Basidiomycota,Agaricomycetes,Boletales,Boletaceae,Tylopilus,Tylopilus exiguus
11,Mycena meliigena (Berk. & Cooke) Sacc.,Fungi,Basidiomycota,Agaricomycetes,Agaricales,Mycenaceae,Mycena,Mycena meliigena
11,Ramaria flava (Schaeff.) Quél.,Fungi,Basidiomycota,Agaricomycetes,Gomphales,Gomphaceae,Ramaria,Ramaria flava
11,Pluteus admirabilis (Peck) Peck,Fungi,Basidiomycota,Agaricomycetes,Agaricales,Pluteaceae,Pluteus,Pluteus admirabilis